,std_dt,symbol,kospi100
0,20000104,A000010,N
1,20010102,A000010,Y
2,20011227,A000010,N
3,20020102,A000010,Y
4,20040331,A000010,N
5,20000104,A000020,N
6,20000104,A000030,N
7,20141119,A000030,N
8,20141120,A000030,Y
9,20000104,A000040,N
10,20000104,A000050,N
11,20000104,A000060,N
12,20000104,A000070,N
13,20010102,A000070,Y
14,20011227,A000070,N
15,20020102,A000070,Y
16,20041210,A000070,N
17,20041221,A000070,Y
18,20080613,A000070,N
19,20000104,A000080,N
20,20091019,A000080,N
21,20201211,A000080,Y
22,20000104,A000100,N
23,20010102,A000100,Y
24,20011227,A000100,N
25,20020102,A000100,Y
26,20000104,A000110,N
27,20000104,A000120,N
28,20090612,A000120,Y
29,20000104,A000140,N
30,20010102,A000140,Y
31,20011227,A000140,N
32,20020102,A000140,Y
33,20100611,A000140,N
34,20000104,A000150,N
35,20010102,A000150,Y
36,20011227,A000150,N
37,20020102,A000150,Y
38,20050610,A000150,N
39,20080613,A000150,Y
40,20200612,A000150,N
41,20000104,A000180,N
42,20000104,A000200,N
43,20000104,A000210,N
44,20010102,A000210,Y
45,20011227,A000210,N
46,20020102,A000210,Y
47,20000104,A000220,N
48,20000104,A000230,N
49,20000104,A000240,N
50,20010102,A000240,Y
51,20011227,A000240,N
52,20020102,A000240,Y
53,20130614,A000240,N
54,20001004,A000250,N
55,20000104,A000270,N
56,20010102,A000270,Y
57,20011227,A000270,N
58,20020102,A000270,Y
59,20000104,A000280,N
60,20000104,A000300,N
61,20000104,A000310,N
62,20000104,A000320,N
63,20000104,A000360,N
64,20000104,A000370,N
65,20000104,A000380,N
66,20000104,A000390,N
67,20000104,A000400,N
68,20000104,A000420,N
69,20000104,A000430,N
70,20000104,A000440,N
71,20000104,A000470,N
72,20000104,A000480,N
73,20000104,A000490,N
74,20000104,A000500,N
75,20000104,A000520,N
76,20000104,A000540,N
77,20000104,A000590,N
78,20000104,A000610,N
79,20000104,A000640,N
80,20010615,A000640,Y
81,20011227,A000640,N
82,20020102,A000640,Y
83,20040611,A000640,N
84,20000104,A000650,N
85,20000104,A000660,N
86,20010102,A000660,Y
87,20011227,A000660,N
88,20020102,A000660,Y
89,20000104,A000670,N
90,20160316,A000670,Y
91,20190614,A000670,N
92,20000104,A000680,N
93,20000104,A000700,N
94,20010102,A000700,Y
95,20011227,A000700,N
96,20020102,A000700,Y
97,20100611,A000700,N
98,20000104,A000720,N
99,20010102,A000720,Y
100,20010402,A000720,N
101,20020614,A000720,Y
102,20000104,A000760,N
103,20000104,A000810,N
104,20010102,A000810,Y
105,20011227,A000810,N
106,20020102,A000810,Y
107,20000104,A000830,N
108,20010102,A000830,Y
109,20011227,A000830,N
110,20020102,A000830,Y
111,20150901,A000830,N
112,20000104,A000840,N
113,20000104,A000850,N
114,20000104,A000860,N
115,20000104,A000880,N
116,20010102,A000880,Y
117,20011227,A000880,N
118,20020102,A000880,Y
119,20000104,A000890,N
120,20000104,A000900,N
121,20000104,A000910,N
122,20000104,A000950,N
123,20000104,A000970,N
124,20000104,A000990,N
125,20000104,A001000,N
126,20000104,A001020,N
127,20000104,A001030,N
128,20000104,A001040,N
129,20010102,A001040,Y
130,20011227,A001040,N
131,20020102,A001040,Y
132,20000104,A001060,N
133,20000104,A001070,N
134,20000104,A001080,N
135,20000104,A001120,N
136,20030613,A001120,Y
137,20150612,A001120,N
138,20000104,A001130,N
139,20000104,A001140,N
140,20000104,A001150,N
141,20000104,A001190,N
142,20000104,A001200,N
143,20000104,A001210,N
144,20000104,A001230,N
145,20010102,A001230,Y
146,20011227,A001230,N
147,20020102,A001230,Y
148,20030423,A001230,N
149,20050610,A001230,Y
150,20140613,A001230,N
151,20000104,A001250,N
152,20000104,A001260,N
153,20000104,A001270,N
154,20000104,A001280,N
155,20000104,A001290,N
156,20000104,A001300,N
157,20010102,A001300,Y
158,20011227,A001300,N
159,20020102,A001300,Y
160,20140627,A001300,N
161,20000104,A001340,N
162,20000104,A001350,N
163,20000104,A001360,N
164,20000104,A001370,N
165,20000104,A001380,N
166,20000104,A001390,N
167,20000104,A001400,N
168,20000104,A001420,N
169,20000104,A001430,N
170,20000104,A001440,N
171,20010102,A001440,Y
172,20011227,A001440,N
173,20020102,A001440,Y
174,20110610,A001440,N
175,20000104,A001450,N
176,20170609,A001450,Y
177,20000104,A001460,N
178,20000104,A001470,N
179,20000104,A001500,N
180,20000104,A001510,N
181,20010102,A001510,Y
182,20011227,A001510,N
183,20020102,A001510,Y
184,20030613,A001510,N
185,20000104,A001520,N
186,20000104,A001530,N
187,20000615,A001540,N
188,20000104,A001550,N
189,20051209,A001560,N
190,20000104,A001570,N
191,20000104,A001580,N
192,20000104,A001600,N
193,20000104,A001620,N
194,20000104,A001630,N
195,20000104,A001670,N
196,20000104,A001680,N
197,20010102,A001680,Y
198,20011227,A001680,N
199,20020102,A001680,Y
200,20040611,A001680,N
201,20000104,A001690,N
202,20000104,A001720,N
203,20000104,A001740,N
204,20010102,A001740,Y
205,20011227,A001740,N
206,20020102,A001740,Y
207,20030401,A001740,N
208,20060609,A001740,Y
209,20170915,A001740,N
210,20000104,A001750,N
211,20000104,A001770,N
212,20000104,A001780,N
213,20070607,A001780,N
214,20000104,A001790,N
215,20000104,A001800,N
216,20011109,A001800,Y
217,20011227,A001800,N
218,20020102,A001800,Y
219,20180615,A001800,N
220,20000104,A001810,N
221,20000104,A001820,N
222,20000104,A001830,N
223,20010102,A001830,Y
224,20011227,A001830,N
225,20020102,A001830,Y
226,20060609,A001830,N
227,20000104,A001840,N
228,20000104,A001880,N
229,20000104,A001920,N
230,20000104,A001940,N
231,20000104,A001950,N
232,20000104,A001980,N
233,20000104,A002000,N
234,20010102,A002000,Y
235,20011227,A002000,N
236,20020102,A002000,Y
237,20050401,A002000,N
238,20000104,A002020,N
239,20010102,A002020,Y
240,20011227,A002020,N
241,20020102,A002020,Y
242,20020614,A002020,N
243,20030423,A002020,Y
244,20040611,A002020,N
245,20000104,A002030,N
246,20000104,A002050,N
247,20000104,A002070,N
248,20000104,A002080,N
249,20000104,A002100,N
250,20000104,A002130,N
251,20000104,A002140,N
252,20100812,A002150,N
253,20000104,A002170,N
254,20000104,A002180,N
255,20000104,A002200,N
256,20000104,A002210,N
257,20000104,A002220,N
258,20000104,A002230,N
259,20000104,A002240,N
260,20000104,A002250,N
261,20000104,A002270,N
262,20000104,A002290,N
263,20000104,A002300,N
264,20000104,A002310,N
265,20000104,A002320,N
266,20000104,A002350,N
267,20000104,A002360,N
268,20000104,A002380,N
269,20010102,A002380,Y
270,20011227,A002380,N
271,20020102,A002380,Y
272,20200911,A002380,N
273,20000104,A002390,N
274,20000104,A002410,N
275,20000104,A002420,N
276,20000104,A002450,N
277,20000104,A002460,N
278,20000104,A002530,N
279,20000104,A002540,N
280,20000104,A002550,N
281,20000104,A002600,N
282,20000104,A002610,N
283,20010102,A002610,Y
284,20011227,A002610,N
285,20020102,A002610,Y
286,20030227,A002610,N
287,20000104,A002620,N
288,20000104,A002630,N
289,20000104,A002670,N
290,20000104,A002680,N
291,20150924,A002690,N
292,20000104,A002700,N
293,20000104,A002710,N
294,20000104,A002720,N
295,20000104,A002740,N
296,20010102,A002740,Y
297,20010416,A002740,N
298,20000104,A002760,N
299,20000104,A002780,N
300,20000104,A002790,N
301,20010102,A002790,Y
302,20011227,A002790,N
303,20020102,A002790,Y
304,20170228,A002800,N
305,20000104,A002810,N
306,20000104,A002820,N
307,20000104,A002840,N
308,20000104,A002850,N
309,20000104,A002860,N
310,20021216,A002860,Y
311,20051212,A002860,N
312,20000104,A002870,N
313,20000104,A002880,N
314,20000104,A002900,N
315,20000104,A002920,N
316,20000104,A002930,N
317,20000104,A002940,N
318,20000104,A002950,N
319,20000104,A002960,N
320,20000104,A002990,N
321,20010102,A002990,Y
322,20011227,A002990,N
323,20020102,A002990,Y
324,20020614,A002990,N
325,20000104,A003000,N
326,20020130,A003000,Y
327,20040611,A003000,N
328,20000104,A003010,N
329,20000104,A003020,N
330,20000104,A003030,N
331,20000104,A003040,N
332,20000104,A003050,N
333,20000104,A003060,N
334,20000104,A003070,N
335,20000104,A003080,N
336,20000104,A003090,N
337,20000104,A003100,N
338,20000104,A003110,N
339,20000104,A003120,N
340,20000104,A003160,N
341,20000104,A003190,N
342,20000104,A003200,N
343,20000104,A003220,N
344,20000104,A003230,N
345,20000104,A003240,N
346,20000104,A003280,N
347,20000104,A003300,N
348,20010102,A003300,Y
349,20011227,A003300,N
350,20020102,A003300,Y
351,20090612,A003300,N
352,20000104,A003310,N
353,20000104,A003320,N
354,20000104,A003330,N
355,20000104,A003350,N
356,20000104,A003380,N
357,20170630,A003380,N
358,20000104,A003410,N
359,20010102,A003410,Y
360,20010402,A003410,N
361,20190614,A003410,Y
362,20000104,A003430,N
363,20000104,A003450,N
364,20010102,A003450,Y
365,20011227,A003450,N
366,20020102,A003450,Y
367,20150313,A003450,N
368,20000104,A003460,N
369,20000104,A003470,N
370,20000104,A003480,N
371,20010102,A003480,Y
372,20011227,A003480,N
373,20020102,A003480,Y
374,20090612,A003480,N
375,20000104,A003490,N
376,20010102,A003490,Y
377,20011227,A003490,N
378,20020102,A003490,Y
379,20000104,A003520,N
380,20000104,A003530,N
381,20000104,A003540,N
382,20010615,A003540,Y
383,20011227,A003540,N
384,20020102,A003540,Y
385,20060609,A003540,N
386,20000104,A003550,N
387,20010102,A003550,Y
388,20011227,A003550,N
389,20020102,A003550,Y
390,20060609,A003550,N
391,20080613,A003550,Y
392,20000104,A003560,N
393,20000104,A003570,N
394,20000104,A003580,N
395,20000104,A003590,N
396,20000104,A003600,N
397,20010102,A003600,Y
398,20011227,A003600,N
399,20020102,A003600,Y
400,20150803,A003600,N
401,20000104,A003610,N
402,20000104,A003620,N
403,20030613,A003620,Y
404,20080613,A003620,N
405,20000104,A003640,N
406,20000104,A003650,N
407,20000104,A003660,N
408,20011101,A003670,N
409,20200612,A003670,Y
410,20000104,A003680,N
411,20000104,A003690,N
412,20050610,A003690,Y
413,20090612,A003690,N
414,20000104,A003720,N
415,20000104,A003780,N
416,20000104,A003800,N
417,20000104,A003810,N
418,20000104,A003830,N
419,20000104,A003850,N
420,20000104,A003900,N
421,20000104,A003920,N
422,20000104,A003930,N
423,20000104,A003940,N
424,20000104,A003960,N
425,20000104,A003990,N
426,20000104,A004000,N
427,20010102,A004000,Y
428,20011227,A004000,N
429,20020102,A004000,Y
430,20150612,A004000,N
431,20000104,A004010,N
432,20030613,A004010,Y
433,20040611,A004010,N
434,20000104,A004020,N
435,20010102,A004020,Y
436,20011227,A004020,N
437,20020102,A004020,Y
438,20000104,A004060,N
439,20000104,A004080,N
440,20000104,A004090,N
441,20000104,A004100,N
442,20000104,A004110,N
443,20000104,A004130,N
444,20010402,A004130,Y
445,20010615,A004130,N
446,20000104,A004140,N
447,20000104,A004150,N
448,20010102,A004150,Y
449,20011227,A004150,N
450,20020102,A004150,Y
451,20080613,A004150,N
452,20000104,A004170,N
453,20010102,A004170,Y
454,20011227,A004170,N
455,20020102,A004170,Y
456,20000104,A004190,N
457,20000104,A004200,N
458,20000104,A004230,N
459,20000104,A004250,N
460,20000104,A004270,N
461,20000104,A004290,N
462,20000104,A004310,N
463,20000104,A004320,N
464,20000104,A004360,N
465,20000104,A004370,N
466,20010102,A004370,Y
467,20011227,A004370,N
468,20020102,A004370,Y
469,20000104,A004380,N
470,20000104,A004390,N
471,20010102,A004390,Y
472,20010402,A004390,N
473,20000104,A004410,N
474,20000104,A004430,N
475,20160330,A004440,N
476,20000104,A004450,N
477,20000104,A004460,N
478,20000104,A004490,N
479,20000104,A004510,N
480,20000104,A004530,N
481,20000104,A004540,N
482,20000104,A004550,N
483,20000104,A004560,N
484,20000104,A004590,N
485,20000104,A004620,N
486,20140730,A004650,N
487,20000104,A004660,N
488,20000104,A004690,N
489,20000104,A004700,N
490,20000104,A004710,N
491,20000104,A004720,N
492,20000104,A004730,N
493,20000104,A004740,N
494,20000104,A004770,N
495,20000104,A004780,N
496,20000104,A004790,N
497,20000104,A004800,N
498,20010102,A004800,Y
499,20011227,A004800,N
500,20020102,A004800,Y
501,20190614,A004800,N
502,20000104,A004820,N
503,20000104,A004830,N
504,20000104,A004840,N
505,20000104,A004870,N
506,20050630,A004890,N
507,20000104,A004910,N
508,20000104,A004920,N
509,20000104,A004940,N
510,20010102,A004940,Y
511,20011227,A004940,N
512,20020102,A004940,Y
513,20130424,A004940,N
514,20000104,A004960,N
515,20000104,A004970,N
516,20000104,A004980,N
517,20040331,A004980,Y
518,20060609,A004980,N
519,20000104,A004990,N
520,20040611,A004990,Y
521,20000104,A005010,N
522,20000104,A005030,N
523,20000104,A005060,N
524,20000104,A005070,N
525,20000104,A005090,N
526,20000104,A005110,N
527,20000104,A005160,N
528,20000104,A005180,N
529,20000104,A005190,N
530,20000104,A005250,N
531,20010102,A005250,Y
532,20011227,A005250,N
533,20020102,A005250,Y
534,20020614,A005250,N
535,20000104,A005270,N
536,20040611,A005270,Y
537,20000104,A005280,N
538,20030613,A005280,Y
539,20000104,A005290,N
540,20000104,A005300,N
541,20040611,A005300,Y
542,20180615,A005300,N
543,20000104,A005320,N
544,20000104,A005330,N
545,20000104,A005350,N
546,20000104,A005360,N
547,20000104,A005380,N
548,20010102,A005380,Y
549,20011227,A005380,N
550,20020102,A005380,Y
551,20000104,A005390,N
552,20000104,A005410,N
553,20000104,A005420,N
554,20000104,A005430,N
555,20000104,A005440,N
556,20020614,A005440,Y
557,20030613,A005440,N
558,20000104,A005450,N
559,20000104,A005490,N
560,20010102,A005490,Y
561,20011227,A005490,N
562,20020102,A005490,Y
563,20000104,A005500,N
564,20011029,A005500,Y
565,20011227,A005500,N
566,20020102,A005500,Y
567,20030613,A005500,N
568,20000104,A005560,N
569,20071112,A005560,N
570,20000104,A005580,N
571,20000104,A005600,N
572,20000104,A005610,N
573,20161221,A005610,Y
574,20170609,A005610,N
575,20000104,A005620,N
576,20000104,A005670,N
577,20000104,A005680,N
578,20010102,A005680,Y
579,20010615,A005680,N
580,20000104,A005690,N
581,20000104,A005710,N
582,20000104,A005720,N
583,20000104,A005740,N
584,20000104,A005750,N
585,20000104,A005760,N
586,20000104,A005770,N
587,20000104,A005790,N
588,20000104,A005800,N
589,20000104,A005810,N
590,20010102,A005810,Y
591,20011227,A005810,N
592,20020102,A005810,Y
593,20090313,A005810,N
594,20000104,A005820,N
595,20000104,A005830,N
596,20140613,A005830,Y
597,20000104,A005850,N
598,20000104,A005860,N
599,20000104,A005870,N
600,20000104,A005880,N
601,20000104,A005890,N
602,20010102,A005890,Y
603,20010615,A005890,N
604,20000104,A005930,N
605,20010102,A005930,Y
606,20011227,A005930,N
607,20020102,A005930,Y
608,20000104,A005940,N
609,20010102,A005940,Y
610,20011227,A005940,N
611,20020102,A005940,Y
612,20000104,A005950,N
613,20010102,A005950,Y
614,20011227,A005950,N
615,20020102,A005950,Y
616,20020614,A005950,N
617,20030401,A005950,Y
618,20040611,A005950,N
619,20000104,A005960,N
620,20000104,A005980,N
621,20000104,A005990,N
622,20000104,A006000,N
623,20000104,A006040,N
624,20000104,A006050,N
625,20000104,A006060,N
626,20000104,A006070,N
627,20000104,A006090,N
628,20000104,A006110,N
629,20000104,A006120,N
630,20010330,A006120,Y
631,20011227,A006120,N
632,20020102,A006120,Y
633,20040611,A006120,N
634,20000104,A006140,N
635,20000104,A006150,N
636,20000104,A006160,N
637,20000104,A006200,N
638,20030613,A006200,Y
639,20050610,A006200,N
640,20000104,A006210,N
641,20000104,A006220,N
642,20000104,A006250,N
643,20000104,A006260,N
644,20010102,A006260,Y
645,20011227,A006260,N
646,20020102,A006260,Y
647,20160610,A006260,N
648,20000104,A006280,N
649,20000104,A006290,N
650,20000104,A006300,N
651,20000104,A006340,N
652,20000104,A006350,N
653,20000104,A006360,N
654,20010102,A006360,Y
655,20011227,A006360,N
656,20020102,A006360,Y
657,20140613,A006360,N
658,20190614,A006360,Y
659,20000104,A006370,N
660,20000104,A006380,N
661,20000104,A006390,N
662,20000104,A006400,N
663,20010102,A006400,Y
664,20011227,A006400,N
665,20020102,A006400,Y
666,20000104,A006490,N
667,20000104,A006570,N
668,20000104,A006580,N
669,20000104,A006600,N
670,20000104,A006610,N
671,20180213,A006620,N
672,20000104,A006650,N
673,20000104,A006660,N
674,20000104,A006730,N
675,20000104,A006740,N
676,20000104,A006750,N
677,20000104,A006800,N
678,20010102,A006800,Y
679,20011227,A006800,N
680,20020102,A006800,Y
681,20000104,A006840,N
682,20131121,A006880,N
683,20000104,A006890,N
684,20000104,A006910,N
685,20000104,A006920,N
686,20000104,A006980,N
687,20000104,A007050,N
688,20111223,A007070,N
689,20160610,A007070,Y
690,20000104,A007090,N
691,20000104,A007100,N
692,20000104,A007110,N
693,20000104,A007120,N
694,20000104,A007160,N
695,20000104,A007190,N
696,20000104,A007200,N
697,20000104,A007210,N
698,20000104,A007280,N
699,20000104,A007310,N
700,20160610,A007310,Y
701,20000104,A007330,N
702,20000104,A007340,N
703,20000104,A007360,N
704,20010102,A007360,Y
705,20011227,A007360,N
706,20020102,A007360,Y
707,20021213,A007360,N
708,20000727,A007370,N
709,20000104,A007390,N
710,20000104,A007410,N
711,20000104,A007420,N
712,20000104,A007460,N
713,20000104,A007480,N
714,20000104,A007490,N
715,20000104,A007530,N
716,20000104,A007540,N
717,20000104,A007570,N
718,20000104,A007590,N
719,20000104,A007610,N
720,20000104,A007630,N
721,20010402,A007630,Y
722,20010921,A007630,N
723,20000822,A007660,N
724,20171201,A007680,N
725,20000104,A007690,N
726,20010921,A007690,Y
727,20011227,A007690,N
728,20020102,A007690,Y
729,20020614,A007690,N
730,20000104,A007700,N
731,20000104,A007720,N
732,20000104,A007770,N
733,20000104,A007800,N
734,20000104,A007810,N
735,20111108,A007820,N
736,20000104,A007830,N
737,20000104,A007840,N
738,20000104,A007860,N
739,20000104,A007910,N
740,20000104,A007980,N
741,20000104,A008000,N
742,20000104,A008020,N
743,20000404,A008030,N
744,20000104,A008040,N
745,20000104,A008060,N
746,20010102,A008060,Y
747,20011227,A008060,N
748,20020102,A008060,Y
749,20070615,A008060,N
750,20000104,A008080,N
751,20000104,A008110,N
752,20000104,A008250,N
753,20000104,A008260,N
754,20000104,A008270,N
755,20000104,A008290,N
756,20000104,A008320,N
757,20000104,A008350,N
758,20000104,A008370,N
759,20000104,A008400,N
760,20000104,A008420,N
761,20000104,A008440,N
762,20110223,A008470,N
763,20000104,A008480,N
764,20000104,A008490,N
765,20000104,A008500,N
766,20000104,A008530,N
767,20000104,A008540,N
768,20000104,A008560,N
769,20000104,A008600,N
770,20000104,A008640,N
771,20000104,A008670,N
772,20010102,A008670,Y
773,20011227,A008670,N
774,20020102,A008670,Y
775,20041221,A008670,N
776,20000104,A008700,N
777,20000104,A008720,N
778,20000104,A008730,N
779,20000104,A008750,N
780,20000104,A008770,N
781,20150612,A008770,Y
782,20000104,A008780,N
783,20000104,A008800,N
784,20000104,A008830,N
785,20000104,A008870,N
786,20000104,A008900,N
787,20000104,A008920,N
788,20000104,A008930,N
789,20160610,A008930,Y
790,20000104,A008970,N
791,20000104,A008980,N
792,20000104,A008990,N
793,20000104,A009010,N
794,20000104,A009050,N
795,20010102,A009050,Y
796,20010330,A009050,N
797,20000104,A009070,N
798,20000104,A009080,N
799,20000104,A009140,N
800,20000104,A009150,N
801,20010102,A009150,Y
802,20011227,A009150,N
803,20020102,A009150,Y
804,20000104,A009160,N
805,20000104,A009180,N
806,20010102,A009180,Y
807,20010615,A009180,N
808,20000104,A009190,N
809,20000104,A009200,N
810,20000104,A009220,N
811,20020716,A009240,N
812,20150803,A009240,Y
813,20000104,A009270,N
814,20000104,A009290,N
815,20000719,A009300,N
816,20000104,A009310,N
817,20000104,A009320,N
818,20000104,A009330,N
819,20000104,A009360,N
820,20000104,A009380,N
821,20000104,A009410,N
822,20000104,A009420,N
823,20000104,A009440,N
824,20000104,A009450,N
825,20000104,A009460,N
826,20000104,A009470,N
827,20000104,A009520,N
828,20000104,A009540,N
829,20010102,A009540,Y
830,20011227,A009540,N
831,20020102,A009540,Y
832,20000104,A009580,N
833,20000104,A009620,N
834,20000104,A009680,N
835,20000104,A009690,N
836,20000104,A009720,N
837,20010102,A009720,Y
838,20011227,A009720,N
839,20020102,A009720,Y
840,20060609,A009720,N
841,20000104,A009730,N
842,20000104,A009760,N
843,20061017,A009770,N
844,20000104,A009780,N
845,20000104,A009810,N
846,20000104,A009830,N
847,20010102,A009830,Y
848,20011227,A009830,N
849,20020102,A009830,Y
850,20000104,A009840,N
851,20000104,A009890,N
852,20201207,A009900,N
853,20000104,A009940,N
854,20000104,A009970,N
855,20000104,A010040,N
856,20000104,A010050,N
857,20000104,A010060,N
858,20010615,A010060,Y
859,20011227,A010060,N
860,20020102,A010060,Y
861,20200612,A010060,N
862,20000104,A010100,N
863,20000104,A010110,N
864,20000104,A010120,N
865,20010102,A010120,Y
866,20011227,A010120,N
867,20020102,A010120,Y
868,20160610,A010120,N
869,20000104,A010130,N
870,20010102,A010130,Y
871,20011227,A010130,N
872,20020102,A010130,Y
873,20000104,A010140,N
874,20010102,A010140,Y
875,20011227,A010140,N
876,20020102,A010140,Y
877,20000104,A010170,N
878,20000104,A010200,N
879,20090512,A010240,N
880,20000414,A010280,N
881,20000104,A010330,N
882,20180914,A010400,N
883,20000104,A010420,N
884,20000104,A010460,N
885,20001024,A010470,N
886,20000104,A010510,N
887,20000104,A010520,N
888,20010102,A010520,Y
889,20011227,A010520,N
890,20020102,A010520,Y
891,20150313,A010520,N
892,20000104,A010580,N
893,20000104,A010600,N
894,20000104,A010620,N
895,20010102,A010620,Y
896,20011227,A010620,N
897,20020102,A010620,Y
898,20020913,A010620,N
899,20030227,A010620,Y
900,20030613,A010620,N
901,20050610,A010620,Y
902,20160610,A010620,N
903,20000104,A010640,N
904,20000104,A010660,N
905,20000104,A010670,N
906,20000104,A010690,N
907,20000104,A010730,N
908,20000104,A010770,N
909,20000104,A010780,N
910,20000104,A010810,N
911,20000104,A010820,N
912,20000104,A010950,N
913,20010102,A010950,Y
914,20011227,A010950,N
915,20020102,A010950,Y
916,20020715,A010960,N
917,20000104,A011000,N
918,20000104,A011020,N
919,20000104,A011040,N
920,20000104,A011050,N
921,20080724,A011070,N
922,20110610,A011070,Y
923,20040702,A011080,N
924,20000104,A011090,N
925,20000104,A011150,N
926,20000104,A011160,N
927,20010102,A011160,Y
928,20010305,A011160,N
929,20000104,A011170,N
930,20010102,A011170,Y
931,20011227,A011170,N
932,20020102,A011170,Y
933,20000104,A011200,N
934,20010102,A011200,Y
935,20011227,A011200,N
936,20020102,A011200,Y
937,20020614,A011200,N
938,20040611,A011200,Y
939,20160316,A011200,N
940,20110221,A011210,N
941,20130614,A011210,Y
942,20190614,A011210,N
943,20000104,A011230,N
944,20000104,A011260,N
945,20000104,A011280,N
946,20000104,A011290,N
947,20000104,A011300,N
948,20000104,A011320,N
949,20000104,A011330,N
950,20000104,A011370,N
951,20000104,A011390,N
952,20000104,A011400,N
953,20000104,A011420,N
954,20000104,A011450,N
955,20030109,A011500,N
956,20000104,A011510,N
957,20000104,A011560,N
958,20000104,A011650,N
959,20000104,A011690,N
960,20000104,A011700,N
961,20000104,A011720,N
962,20000104,A011760,N
963,20010102,A011760,Y
964,20010615,A011760,N
965,20000104,A011780,N
966,20130424,A011780,Y
967,20000104,A011790,N
968,20040329,A011790,Y
969,20100910,A011790,N
970,20000104,A011800,N
971,20000104,A011810,N
972,20000104,A011840,N
973,20000104,A011890,N
974,20000104,A011930,N
975,20000104,A012010,N
976,20000104,A012030,N
977,20000104,A012090,N
978,20100125,A012160,N
979,20000104,A012170,N
980,20000104,A012200,N
981,20000104,A012250,N
982,20000104,A012260,N
983,20000104,A012270,N
984,20000104,A012280,N
985,20000104,A012320,N
986,20000104,A012330,N
987,20010102,A012330,Y
988,20011227,A012330,N
989,20020102,A012330,Y
990,20000104,A012340,N
991,20000104,A012400,N
992,20000104,A012410,N
993,20000104,A012420,N
994,20000104,A012450,N
995,20010102,A012450,Y
996,20011227,A012450,N
997,20020102,A012450,Y
998,20190614,A012450,N
999,20000104,A012460,N
1000,20000104,A012510,N
1001,20000104,A012600,N
1002,20000104,A012610,N
1003,20000104,A012620,N
1004,20000104,A012630,N
1005,20010102,A012630,Y
1006,20011227,A012630,N
1007,20020102,A012630,Y
1008,20190614,A012630,N
1009,20000104,A012650,N
1010,20000104,A012690,N
1011,20000104,A012700,N
1012,20000104,A012710,N
1013,20000104,A012720,N
1014,20000104,A012750,N
1015,20010102,A012750,Y
1016,20011227,A012750,N
1017,20020102,A012750,Y
1018,20000104,A012790,N
1019,20000104,A012800,N
1020,20000104,A012860,N
1021,20010718,A012990,N
1022,20030613,A012990,Y
1023,20071030,A012990,N
1024,20000104,A013000,N
1025,20000104,A013030,N
1026,20000104,A013120,N
1027,20000104,A013200,N
1028,20000104,A013240,N
1029,20000104,A013250,N
1030,20000104,A013310,N
1031,20151222,A013310,N
1032,20000104,A013320,N
1033,20000104,A013340,N
1034,20000104,A013360,N
1035,20000104,A013450,N
1036,20000104,A013520,N
1037,20000104,A013570,N
1038,20000104,A013580,N
1039,20000104,A013630,N
1040,20000104,A013650,N
1041,20000104,A013700,N
1042,20000104,A013720,N
1043,20000104,A013780,N
1044,20000104,A013810,N
1045,20000104,A013850,N
1046,20121120,A013870,N
1047,20000104,A013890,N
1048,20141104,A013890,N
1049,20020117,A013990,N
1050,20000104,A014010,N
1051,20000104,A014040,N
1052,20000104,A014080,N
1053,20000104,A014090,N
1054,20000104,A014100,N
1055,20000104,A014130,N
1056,20000104,A014160,N
1057,20000104,A014190,N
1058,20000104,A014200,N
1059,20000104,A014280,N
1060,20000104,A014300,N
1061,20000104,A014350,N
1062,20000104,A014420,N
1063,20000104,A014440,N
1064,20000104,A014470,N
1065,20000104,A014530,N
1066,20001207,A014570,N
1067,20000104,A014580,N
1068,20000104,A014590,N
1069,20010111,A014620,N
1070,20000104,A014680,N
1071,20120629,A014710,N
1072,20000104,A014740,N
1073,20000104,A014790,N
1074,20000104,A014820,N
1075,20010305,A014820,Y
1076,20011227,A014820,N
1077,20020102,A014820,Y
1078,20020614,A014820,N
1079,20041203,A014830,N
1080,20000104,A014900,N
1081,20010102,A014900,Y
1082,20011227,A014900,N
1083,20020102,A014900,Y
1084,20050610,A014900,N
1085,20000104,A014910,N
1086,20011226,A014940,N
1087,20000104,A014970,N
1088,20000104,A014990,N
1089,20000104,A015020,N
1090,20000104,A015050,N
1091,20000104,A015060,N
1092,20000104,A015110,N
1093,20000824,A015170,N
1094,20000104,A015230,N
1095,20000104,A015260,N
1096,20000104,A015350,N
1097,20000104,A015360,N
1098,20010809,A015390,N
1099,20000104,A015540,N
1100,20000104,A015580,N
1101,20010102,A015580,Y
1102,20010910,A015580,N
1103,20000104,A015590,N
1104,20000104,A015620,N
1105,20000104,A015650,N
1106,20000104,A015670,N
1107,20000104,A015710,N
1108,20000104,A015750,N
1109,20000104,A015760,N
1110,20010102,A015760,Y
1111,20011227,A015760,N
1112,20020102,A015760,Y
1113,20000104,A015860,N
1114,20000104,A015880,N
1115,20000104,A015890,N
1116,20000104,A015940,N
1117,20010102,A015940,Y
1118,20011227,A015940,N
1119,20020102,A015940,Y
1120,20030613,A015940,N
1121,20000104,A016040,N
1122,20000104,A016090,N
1123,20030115,A016100,N
1124,20000104,A016140,N
1125,20000104,A016160,N
1126,20010111,A016170,N
1127,20000104,A016250,N
1128,20000104,A016360,N
1129,20010102,A016360,Y
1130,20011227,A016360,N
1131,20020102,A016360,Y
1132,20000104,A016380,N
1133,20000104,A016390,N
1134,20000104,A016420,N
1135,20000104,A016450,N
1136,20000104,A016510,N
1137,20000104,A016550,N
1138,20000104,A016560,N
1139,20000104,A016570,N
1140,20000104,A016580,N
1141,20000104,A016590,N
1142,20000104,A016600,N
1143,20000104,A016610,N
1144,20000104,A016670,N
1145,20000104,A016710,N
1146,20160729,A016740,N
1147,20180601,A016790,N
1148,20000104,A016800,N
1149,20000104,A016830,N
1150,20010102,A016830,Y
1151,20011227,A016830,N
1152,20020102,A016830,Y
1153,20040611,A016830,N
1154,20000104,A016880,N
1155,20000104,A016890,N
1156,20000104,A016920,N
1157,20000104,A016970,N
1158,20001221,A016990,N
1159,20000104,A017000,N
1160,20030128,A017010,N
1161,20000104,A017040,N
1162,20000104,A017050,N
1163,20000104,A017090,N
1164,20000104,A017120,N
1165,20000104,A017160,N
1166,20000104,A017170,N
1167,20080710,A017180,N
1168,20000104,A017210,N
1169,20000104,A017250,N
1170,20000104,A017300,N
1171,20010102,A017300,Y
1172,20011029,A017300,N
1173,20000104,A017320,N
1174,20010809,A017370,N
1175,20000104,A017390,N
1176,20010109,A017480,N
1177,20000104,A017510,N
1178,20000104,A017550,N
1179,20000104,A017620,N
1180,20000104,A017650,N
1181,20000104,A017670,N
1182,20010102,A017670,Y
1183,20011227,A017670,N
1184,20020102,A017670,Y
1185,20000104,A017680,N
1186,20000104,A017740,N
1187,20000104,A017800,N
1188,20000104,A017810,N
1189,20000104,A017890,N
1190,20000104,A017900,N
1191,20000104,A017940,N
1192,20000104,A017960,N
1193,20000104,A018000,N
1194,20000104,A018020,N
1195,20000104,A018120,N
1196,20000104,A018180,N
1197,20180322,A018250,N
1198,20141104,A018260,N
1199,20150313,A018260,Y
1200,20000104,A018290,N
1201,20000104,A018310,N
1202,20000104,A018410,N
1203,20000104,A018470,N
1204,20000104,A018500,N
1205,20000104,A018550,N
1206,20000104,A018570,N
1207,20000104,A018590,N
1208,20080520,A018620,N
1209,20000104,A018670,N
1210,20000818,A018680,N
1211,20000104,A018700,N
1212,20000104,A018720,N
1213,20000104,A018880,N
1214,20010102,A018880,Y
1215,20011227,A018880,N
1216,20020102,A018880,Y
1217,20000104,A018890,N
1218,20000104,A019010,N
1219,20000104,A019120,N
1220,20000104,A019170,N
1221,20201211,A019170,Y
1222,20000104,A019180,N
1223,20000104,A019210,N
1224,20000104,A019260,N
1225,20000104,A019300,N
1226,20000104,A019430,N
1227,20110601,A019440,N
1228,20000104,A019490,N
1229,20010416,A019490,Y
1230,20011227,A019490,N
1231,20020102,A019490,Y
1232,20020614,A019490,N
1233,20000104,A019540,N
1234,20000104,A019550,N
1235,20000104,A019560,N
1236,20000104,A019570,N
1237,20000104,A019590,N
1238,20000104,A019640,N
1239,20000104,A019660,N
1240,20040203,A019680,N
1241,20110624,A019770,N
1242,20000104,A019930,N
1243,20060201,A019990,N
1244,20000104,A020000,N
1245,20000104,A020070,N
1246,20000104,A020120,N
1247,20110304,A020150,N
1248,20000104,A020180,N
1249,20000104,A020400,N
1250,20000104,A020490,N
1251,20000104,A020560,N
1252,20000104,A020710,N
1253,20020109,A020760,N
1254,20000104,A020860,N
1255,20000104,A021040,N
1256,20000104,A021050,N
1257,20000615,A021060,N
1258,20000104,A021080,N
1259,20000104,A021090,N
1260,20000104,A021240,N
1261,20090623,A021240,Y
1262,20010821,A021320,N
1263,20000104,A021570,N
1264,20030124,A021650,N
1265,20000104,A021740,N
1266,20000104,A021820,N
1267,20000104,A021880,N
1268,20000104,A021930,N
1269,20000104,A021960,N
1270,20000104,A022060,N
1271,20001128,A022100,N
1272,20000104,A022220,N
1273,20060411,A022220,N
1274,20000104,A022510,N
1275,20010913,A022520,N
1276,20000104,A022610,N
1277,20000104,A022770,N
1278,20000104,A022780,N
1279,20000104,A022870,N
1280,20110722,A023000,N
1281,20000720,A023020,N
1282,20000104,A023130,N
1283,20010102,A023130,Y
1284,20011109,A023130,N
1285,20000104,A023150,N
1286,20000104,A023160,N
1287,20110428,A023350,N
1288,20000104,A023410,N
1289,20000104,A023420,N
1290,20000104,A023430,N
1291,20000104,A023440,N
1292,20000104,A023450,N
1293,20000104,A023460,N
1294,20060209,A023530,N
1295,20060609,A023530,Y
1296,20000104,A023590,N
1297,20010102,A023590,Y
1298,20011227,A023590,N
1299,20020102,A023590,Y
1300,20020614,A023590,N
1301,20000104,A023600,N
1302,20010111,A023670,N
1303,20000104,A023760,N
1304,20000104,A023770,N
1305,20000104,A023780,N
1306,20000104,A023790,N
1307,20000104,A023800,N
1308,20000104,A023810,N
1309,20000104,A023890,N
1310,20000104,A023900,N
1311,20000104,A023910,N
1312,20000104,A023960,N
1313,20000104,A024060,N
1314,20000104,A024070,N
1315,20000104,A024080,N
1316,20000104,A024090,N
1317,20000104,A024100,N
1318,20000104,A024110,N
1319,20040611,A024110,Y
1320,20000104,A024120,N
1321,20000104,A024660,N
1322,20000104,A024720,N
1323,20000104,A024740,N
1324,20000104,A024800,N
1325,20000104,A024810,N
1326,20000104,A024830,N
1327,20000104,A024840,N
1328,20010118,A024850,N
1329,20000104,A024870,N
1330,20000104,A024880,N
1331,20000104,A024890,N
1332,20000104,A024900,N
1333,20000104,A024910,N
1334,20000104,A024940,N
1335,20000104,A024950,N
1336,20000104,A024960,N
1337,20000104,A025000,N
1338,20000104,A025080,N
1339,20000104,A025150,N
1340,20000104,A025270,N
1341,20000104,A025320,N
1342,20000504,A025340,N
1343,20000104,A025440,N
1344,20000104,A025450,N
1345,20030129,A025460,N
1346,20000104,A025530,N
1347,20000104,A025540,N
1348,20000104,A025550,N
1349,20000104,A025560,N
1350,20010102,A025560,Y
1351,20011227,A025560,N
1352,20020102,A025560,Y
1353,20050610,A025560,N
1354,20000104,A025610,N
1355,20000104,A025620,N
1356,20000104,A025690,N
1357,20031104,A025750,N
1358,20000104,A025770,N
1359,20000104,A025820,N
1360,20000104,A025830,N
1361,20000104,A025840,N
1362,20000104,A025850,N
1363,20000104,A025860,N
1364,20010102,A025860,Y
1365,20011227,A025860,N
1366,20020102,A025860,Y
1367,20030613,A025860,N
1368,20000104,A025870,N
1369,20000104,A025880,N
1370,20000104,A025890,N
1371,20000104,A025900,N
1372,20000104,A025920,N
1373,20000104,A025930,N
1374,20010102,A025930,Y
1375,20011227,A025930,N
1376,20020102,A025930,Y
1377,20050610,A025930,N
1378,20000104,A025950,N
1379,20000104,A025970,N
1380,20000104,A025980,N
1381,20000104,A026040,N
1382,20000104,A026150,N
1383,20000808,A026180,N
1384,20000104,A026220,N
1385,20000104,A026230,N
1386,20000104,A026240,N
1387,20000104,A026250,N
1388,20000104,A026260,N
1389,20000620,A026540,N
1390,20000104,A026870,N
1391,20000104,A026890,N
1392,20000104,A026910,N
1393,20000104,A026940,N
1394,20000104,A026960,N
1395,20000104,A027040,N
1396,20000104,A027050,N
1397,20000104,A027350,N
1398,20181121,A027360,N
1399,20000104,A027390,N
1400,20140519,A027410,N
1401,20160610,A027410,Y
1402,20180615,A027410,N
1403,20000104,A027440,N
1404,20000104,A027460,N
1405,20010102,A027460,Y
1406,20011109,A027460,N
1407,20010111,A027560,N
1408,20071001,A027580,N
1409,20000104,A027610,N
1410,20000104,A027710,N
1411,20001207,A027740,N
1412,20000104,A027830,N
1413,20000104,A027840,N
1414,20000104,A027890,N
1415,20000104,A027970,N
1416,20000104,A028040,N
1417,20000104,A028050,N
1418,20070615,A028050,Y
1419,20160610,A028050,N
1420,20190614,A028050,Y
1421,20000104,A028080,N
1422,20000104,A028090,N
1423,20090612,A028100,N
1424,20000120,A028150,N
1425,20141218,A028260,N
1426,20150313,A028260,Y
1427,20000104,A028300,N
1428,20070921,A028670,N
1429,20090612,A028670,Y
1430,20130611,A028670,N
1431,20000104,A029460,N
1432,20000104,A029480,N
1433,20000104,A029530,N
1434,20010102,A029530,Y
1435,20011227,A029530,N
1436,20020102,A029530,Y
1437,20070914,A029530,N
1438,20071030,A029530,Y
1439,20080613,A029530,N
1440,20070627,A029780,N
1441,20090612,A029780,Y
1442,20040618,A029960,N
1443,20000104,A030000,N
1444,20010102,A030000,Y
1445,20011227,A030000,N
1446,20020102,A030000,Y
1447,20011204,A030030,N
1448,20000516,A030190,N
1449,20000104,A030200,N
1450,20010102,A030200,Y
1451,20011227,A030200,N
1452,20020102,A030200,Y
1453,20000104,A030210,N
1454,20000104,A030270,N
1455,20000104,A030350,N
1456,20000104,A030390,N
1457,20000104,A030420,N
1458,20000104,A030520,N
1459,20000104,A030530,N
1460,20000104,A030610,N
1461,20000104,A030700,N
1462,20000104,A030710,N
1463,20000104,A030720,N
1464,20001226,A030790,N
1465,20000104,A030960,N
1466,20000104,A030970,N
1467,20000704,A031150,N
1468,20000104,A031310,N
1469,20000523,A031330,N
1470,20000104,A031390,N
1471,20110714,A031430,N
1472,20010731,A031440,N
1473,20000104,A031510,N
1474,20000104,A031800,N
1475,20000104,A031820,N
1476,20010402,A031820,Y
1477,20011227,A031820,N
1478,20020102,A031820,Y
1479,20020614,A031820,N
1480,20000104,A031860,N
1481,20000104,A031920,N
1482,20000104,A031950,N
1483,20000104,A031960,N
1484,20000104,A031970,N
1485,20000104,A031980,N
1486,20000104,A031990,N
1487,20000104,A032030,N
1488,20000104,A032050,N
1489,20001026,A032080,N
1490,20000104,A032150,N
1491,20000418,A032180,N
1492,20000104,A032190,N
1493,20000104,A032280,N
1494,20000104,A032290,N
1495,20200810,A032300,N
1496,20060608,A032350,N
1497,20000104,A032380,N
1498,20000104,A032390,N
1499,20040611,A032390,Y
1500,20090612,A032390,N
1501,20000104,A032420,N
1502,20000321,A032500,N
1503,20000104,A032540,N
1504,20000104,A032560,N
1505,20000104,A032570,N
1506,20000104,A032580,N
1507,20000104,A032590,N
1508,20000104,A032600,N
1509,20000104,A032610,N
1510,20000104,A032620,N
1511,20000921,A032640,N
1512,20100611,A032640,Y
1513,20000104,A032680,N
1514,20020422,A032710,N
1515,20020614,A032710,Y
1516,20040329,A032710,N
1517,20060609,A032710,Y
1518,20070615,A032710,N
1519,20000104,A032750,N
1520,20000104,A032780,N
1521,20000104,A032790,N
1522,20000104,A032800,N
1523,20000622,A032820,N
1524,20100512,A032830,N
1525,20100910,A032830,Y
1526,20000104,A032850,N
1527,20000104,A032860,N
1528,20000104,A032930,N
1529,20000104,A032940,N
1530,20000104,A032960,N
1531,20000104,A032980,N
1532,20010510,A033020,N
1533,20000104,A033040,N
1534,20000104,A033050,N
1535,20000104,A033070,N
1536,20000104,A033100,N
1537,20000104,A033110,N
1538,20000104,A033130,N
1539,20000104,A033160,N
1540,20101126,A033170,N
1541,20000104,A033180,N
1542,20000104,A033190,N
1543,20000104,A033200,N
1544,20000104,A033210,N
1545,20000104,A033220,N
1546,20000104,A033230,N
1547,20000104,A033240,N
1548,20010615,A033240,Y
1549,20011227,A033240,N
1550,20020102,A033240,Y
1551,20040611,A033240,N
1552,20000104,A033250,N
1553,20010201,A033260,N
1554,20000104,A033270,N
1555,20000104,A033280,N
1556,20000104,A033290,N
1557,20000104,A033300,N
1558,20000104,A033310,N
1559,20000104,A033320,N
1560,20000104,A033330,N
1561,20000104,A033340,N
1562,20000104,A033430,N
1563,20000104,A033500,N
1564,20000104,A033530,N
1565,20000104,A033540,N
1566,20110126,A033560,N
1567,20001121,A033600,N
1568,20000104,A033630,N
1569,20000104,A033640,N
1570,20090625,A033660,N
1571,20000627,A033720,N
1572,20000104,A033780,N
1573,20010102,A033780,Y
1574,20011227,A033780,N
1575,20020102,A033780,Y
1576,20010626,A033790,N
1577,20101129,A033830,N
1578,20000104,A033850,N
1579,20000104,A033880,N
1580,20000104,A033920,N
1581,20000427,A034010,N
1582,20001025,A034020,N
1583,20020614,A034020,Y
1584,20190614,A034020,N
1585,20000104,A034120,N
1586,20040611,A034120,Y
1587,20110610,A034120,N
1588,20040723,A034220,N
1589,20041210,A034220,Y
1590,20021024,A034230,N
1591,20000104,A034300,N
1592,20040204,A034310,N
1593,20000414,A034510,N
1594,20061107,A034590,N
1595,20000104,A034600,N
1596,20000104,A034660,N
1597,20091111,A034730,N
1598,20110610,A034730,Y
1599,20000104,A034750,N
1600,20000104,A034810,N
1601,20010522,A034830,N
1602,20000104,A034940,N
1603,20020207,A034950,N
1604,20000104,A034970,N
1605,20000713,A034980,N
1606,20000104,A035000,N
1607,20000104,A035010,N
1608,20000104,A035080,N
1609,20000104,A035150,N
1610,20020115,A035200,N
1611,20000104,A035210,N
1612,20011025,A035250,N
1613,20040611,A035250,Y
1614,20000104,A035270,N
1615,20000104,A035290,N
1616,20000104,A035400,N
1617,20021024,A035420,N
1618,20090313,A035420,Y
1619,20000104,A035450,N
1620,20000104,A035460,N
1621,20000104,A035480,N
1622,20000104,A035500,N
1623,20001116,A035510,N
1624,20021122,A035600,N
1625,20000104,A035610,N
1626,20000104,A035620,N
1627,20000104,A035710,N
1628,20000104,A035720,N
1629,20170915,A035720,Y
1630,20000104,A035760,N
1631,20000113,A035780,N
1632,20000104,A035810,N
1633,20000104,A035830,N
1634,20000627,A035870,N
1635,20000104,A035890,N
1636,20010830,A035900,N
1637,20000104,A035910,N
1638,20000104,A035950,N
1639,20000104,A035960,N
1640,20000104,A036000,N
1641,20020703,A036010,N
1642,20000104,A036020,N
1643,20000104,A036030,N
1644,20000104,A036090,N
1645,20000104,A036120,N
1646,20000104,A036170,N
1647,20000104,A036180,N
1648,20001226,A036190,N
1649,20000104,A036200,N
1650,20000104,A036210,N
1651,20000104,A036260,N
1652,20000120,A036270,N
1653,20000104,A036280,N
1654,20010118,A036360,N
1655,20000323,A036420,N
1656,20000104,A036460,N
1657,20010615,A036460,Y
1658,20011227,A036460,N
1659,20020102,A036460,Y
1660,20000404,A036480,N
1661,20000104,A036490,N
1662,20000104,A036500,N
1663,20000307,A036530,N
1664,20010502,A036540,N
1665,20030107,A036550,N
1666,20000104,A036560,N
1667,20000711,A036570,N
1668,20040611,A036570,Y
1669,20000104,A036580,N
1670,20010510,A036590,N
1671,20000111,A036600,N
1672,20000104,A036610,N
1673,20000111,A036620,N
1674,20000104,A036630,N
1675,20000530,A036640,N
1676,20000615,A036660,N
1677,20010103,A036670,N
1678,20000118,A036690,N
1679,20000104,A036710,N
1680,20011108,A036720,N
1681,20000104,A036760,N
1682,20000104,A036790,N
1683,20000503,A036800,N
1684,20000118,A036810,N
1685,20000104,A036820,N
1686,20000118,A036830,N
1687,20000104,A036850,N
1688,20000104,A036880,N
1689,20000720,A036890,N
1690,20000111,A036900,N
1691,20000104,A036910,N
1692,20000104,A036920,N
1693,20000104,A036930,N
1694,20000104,A037010,N
1695,20000104,A037020,N
1696,20000104,A037030,N
1697,20150424,A037030,N
1698,20010814,A037060,N
1699,20000104,A037070,N
1700,20000711,A037110,N
1701,20000104,A037120,N
1702,20000104,A037150,N
1703,20000104,A037200,N
1704,20000104,A037220,N
1705,20000104,A037230,N
1706,20000104,A037240,N
1707,20000104,A037250,N
1708,20030801,A037270,N
1709,20000229,A037280,N
1710,20020917,A037320,N
1711,20000104,A037330,N
1712,20000111,A037350,N
1713,20000111,A037370,N
1714,20000127,A037380,N
1715,20000104,A037400,N
1716,20000104,A037410,N
1717,20000203,A037440,N
1718,20000104,A037460,N
1719,20000104,A037540,N
1720,20020117,A037550,N
1721,20121109,A037560,N
1722,20000104,A037600,N
1723,20060215,A037620,N
1724,20080613,A037620,Y
1725,20161221,A037620,N
1726,20000104,A037630,N
1727,20000104,A037650,N
1728,20000104,A037700,N
1729,20020207,A037710,N
1730,20000725,A037730,N
1731,20000303,A037740,N
1732,20001109,A037750,N
1733,20000407,A037760,N
1734,20020205,A037830,N
1735,20000824,A037950,N
1736,20000111,A038010,N
1737,20020110,A038050,N
1738,20060808,A038060,N
1739,20051025,A038070,N
1740,20000113,A038100,N
1741,20000323,A038110,N
1742,20000824,A038120,N
1743,20150424,A038160,N
1744,20000222,A038290,N
1745,20020423,A038320,N
1746,20011122,A038340,N
1747,20000201,A038390,N
1748,20011221,A038400,N
1749,20060725,A038410,N
1750,20000622,A038460,N
1751,20010201,A038500,N
1752,20000609,A038530,N
1753,20000818,A038540,N
1754,20000504,A038620,N
1755,20000427,A038680,N
1756,20000629,A038690,N
1757,20010118,A038720,N
1758,20000509,A038810,N
1759,20000831,A038830,N
1760,20010529,A038870,N
1761,20000427,A038880,N
1762,20000706,A038920,N
1763,20000504,A038950,N
1764,20010515,A038960,N
1765,20000704,A038980,N
1766,20020131,A039000,N
1767,20000720,A039010,N
1768,20000504,A039020,N
1769,20000824,A039030,N
1770,20000321,A039040,N
1771,20010619,A039060,N
1772,20001128,A039130,N
1773,20070117,A039200,N
1774,20000622,A039230,N
1775,20000307,A039240,N
1776,20060704,A039290,N
1777,20000609,A039310,N
1778,20040730,A039340,N
1779,20001207,A039350,N
1780,20000725,A039390,N
1781,20020312,A039420,N
1782,20020228,A039440,N
1783,20040423,A039490,N
1784,20000316,A039500,N
1785,20000321,A039530,N
1786,20000622,A039560,N
1787,20150924,A039570,N
1788,20000706,A039580,N
1789,20000316,A039610,N
1790,20040116,A039670,N
1791,20000706,A039740,N
1792,20000725,A039790,N
1793,20010103,A039830,N
1794,20000629,A039840,N
1795,20000711,A039850,N
1796,20000816,A039860,N
1797,20000818,A039870,N
1798,20020812,A039980,N
1799,20000613,A039990,N
1800,20000713,A040020,N
1801,20000503,A040130,N
1802,20000829,A040160,N
1803,20000720,A040180,N
1804,20010904,A040300,N
1805,20020110,A040350,N
1806,20000801,A040420,N
1807,20000427,A040610,N
1808,20000818,A040670,N
1809,20040128,A040740,N
1810,20001205,A040750,N
1811,20000627,A040780,N
1812,20110805,A040910,N
1813,20051028,A041020,N
1814,20000530,A041030,N
1815,20000607,A041060,N
1816,20000725,A041140,N
1817,20000609,A041190,N
1818,20000509,A041310,N
1819,20000808,A041320,N
1820,20031114,A041440,N
1821,20000720,A041450,N
1822,20101119,A041460,N
1823,20000427,A041510,N
1824,20030704,A041520,N
1825,20000711,A041550,N
1826,20021024,A041590,N
1827,20020115,A041630,N
1828,20011115,A041650,N
1829,20011213,A041800,N
1830,20001214,A041830,N
1831,20040206,A041910,N
1832,20130701,A041920,N
1833,20011226,A041930,N
1834,20010724,A041940,N
1835,20011030,A041960,N
1836,20141104,A042000,N
1837,20030107,A042040,N
1838,20020726,A042100,N
1839,20060609,A042100,Y
1840,20090623,A042100,N
1841,20000713,A042110,N
1842,20000622,A042340,N
1843,20000803,A042370,N
1844,20000627,A042420,N
1845,20000719,A042470,N
1846,20020110,A042500,N
1847,20010103,A042510,N
1848,20091009,A042520,N
1849,20001019,A042570,N
1850,20021001,A042600,N
1851,20010202,A042660,N
1852,20020614,A042660,Y
1853,20170511,A042660,N
1854,20190614,A042660,Y
1855,20010202,A042670,N
1856,20020614,A042670,Y
1857,20180309,A042670,N
1858,20050722,A042700,N
1859,20000711,A042820,N
1860,20000627,A042870,N
1861,20001019,A042940,N
1862,20000711,A042960,N
1863,20011011,A043090,N
1864,20000808,A043100,N
1865,20060929,A043150,N
1866,20000719,A043200,N
1867,20010703,A043220,N
1868,20011129,A043260,N
1869,20111025,A043290,N
1870,20000829,A043340,N
1871,20010720,A043360,N
1872,20011213,A043370,N
1873,20010802,A043580,N
1874,20011220,A043590,N
1875,20000720,A043610,N
1876,20000704,A043630,N
1877,20000824,A043650,N
1878,20000727,A043680,N
1879,20010628,A043690,N
1880,20020711,A043710,N
1881,20000615,A043790,N
1882,20000810,A043890,N
1883,20051118,A043910,N
1884,20010118,A044060,N
1885,20041119,A044070,N
1886,20001116,A044180,N
1887,20001024,A044340,N
1888,20000713,A044370,N
1889,20061115,A044380,N
1890,20000803,A044440,N
1891,20071026,A044450,N
1892,20010111,A044480,N
1893,20011108,A044490,N
1894,20011228,A044570,N
1895,20010111,A044640,N
1896,20000629,A044770,N
1897,20000907,A044780,N
1898,20020207,A044820,N
1899,20001116,A044960,N
1900,20010802,A045050,N
1901,20000810,A045060,N
1902,20000831,A045100,N
1903,20010807,A045240,N
1904,20011108,A045260,N
1905,20040106,A045290,N
1906,20011218,A045300,N
1907,20020110,A045310,N
1908,20020715,A045340,N
1909,20001207,A045380,N
1910,20010517,A045390,N
1911,20010817,A045400,N
1912,20000727,A045470,N
1913,20000907,A045510,N
1914,20001205,A045520,N
1915,20010524,A045660,N
1916,20060703,A045710,N
1917,20081127,A045820,N
1918,20020207,A045880,N
1919,20051128,A045890,N
1920,20001006,A045920,N
1921,20000803,A045970,N
1922,20010111,A046000,N
1923,20001226,A046070,N
1924,20060120,A046110,N
1925,20100615,A046120,N
1926,20030205,A046140,N
1927,20000816,A046210,N
1928,20001107,A046240,N
1929,20020205,A046310,N
1930,20010410,A046320,N
1931,20000824,A046350,N
1932,20010111,A046390,N
1933,20020523,A046430,N
1934,20041214,A046440,N
1935,20021010,A046720,N
1936,20000818,A046810,N
1937,20020117,A046890,N
1938,20000818,A046930,N
1939,20020618,A046940,N
1940,20121127,A046970,N
1941,20010323,A047040,N
1942,20020614,A047040,Y
1943,20201211,A047040,N
1944,20010323,A047050,N
1945,20050610,A047050,Y
1946,20000908,A047060,N
1947,20020110,A047080,N
1948,20030725,A047310,N
1949,20010529,A047370,N
1950,20090929,A047400,N
1951,20011120,A047440,N
1952,20001123,A047450,N
1953,20080701,A047560,N
1954,20010111,A047600,N
1955,20001212,A047610,N
1956,20010720,A047710,N
1957,20010918,A047770,N
1958,20110630,A047810,N
1959,20140627,A047810,Y
1960,20021224,A047820,N
1961,20141223,A047920,N
1962,20010621,A047940,N
1963,20011122,A048130,N
1964,20010426,A048140,N
1965,20021024,A048150,N
1966,20070207,A048260,N
1967,20030124,A048270,N
1968,20020808,A048410,N
1969,20010111,A048430,N
1970,20001214,A048460,N
1971,20020110,A048470,N
1972,20010614,A048510,N
1973,20110126,A048530,N
1974,20010731,A048540,N
1975,20010118,A048550,N
1976,20010109,A048640,N
1977,20001012,A048760,N
1978,20010116,A048770,N
1979,20001012,A048830,N
1980,20040813,A048870,N
1981,20010731,A048910,N
1982,20010103,A049000,N
1983,20020221,A049070,N
1984,20131219,A049080,N
1985,20010726,A049120,N
1986,20020523,A049180,N
1987,20020205,A049370,N
1988,20010116,A049430,N
1989,20011011,A049470,N
1990,20010109,A049480,N
1991,20010802,A049520,N
1992,20020228,A049550,N
1993,20030124,A049630,N
1994,20020108,A049690,N
1995,20020131,A049720,N
1996,20001123,A049770,N
1997,20010213,A049790,N
1998,20010726,A049800,N
1999,20010118,A049830,N
2000,20050104,A049950,N
2001,20021213,A049960,N
2002,20001221,A050050,N
2003,20040629,A050090,N
2004,20010517,A050110,N
2005,20020425,A050120,N
2006,20020115,A050320,N
2007,20020423,A050470,N
2008,20051212,A050540,N
2009,20010621,A050600,N
2010,20050805,A050640,N
2011,20020516,A050760,N
2012,20100126,A050860,N
2013,20050708,A050890,N
2014,20161011,A050960,N
2015,20020527,A051160,N
2016,20011023,A051170,N
2017,20071129,A051310,N
2018,20041119,A051360,N
2019,20030122,A051370,N
2020,20020215,A051380,N
2021,20011115,A051390,N
2022,20010612,A051490,N
2023,20010726,A051500,N
2024,20010703,A051530,N
2025,20071214,A051600,N
2026,20150612,A051600,Y
2027,20201211,A051600,N
2028,20010129,A051630,N
2029,20040618,A051710,N
2030,20010626,A051780,N
2031,20051111,A051820,N
2032,20010425,A051900,N
2033,20020614,A051900,Y
2034,20010425,A051910,N
2035,20020614,A051910,Y
2036,20010731,A051980,N
2037,20010705,A052020,N
2038,20010621,A052190,N
2039,20021223,A052210,N
2040,20050121,A052220,N
2041,20010517,A052260,N
2042,20010605,A052270,N
2043,20010531,A052290,N
2044,20010802,A052300,N
2045,20010524,A052310,N
2046,20010710,A052330,N
2047,20010720,A052350,N
2048,20011018,A052400,N
2049,20010807,A052420,N
2050,20050103,A052460,N
2051,20010710,A052560,N
2052,20010710,A052600,N
2053,20010731,A052640,N
2054,20011218,A052650,N
2055,20020124,A052670,N
2056,20091214,A052690,N
2057,20110610,A052690,Y
2058,20160610,A052690,N
2059,20030801,A052710,N
2060,20020821,A052770,N
2061,20010814,A052790,N
2062,20011213,A052810,N
2063,20091006,A052860,N
2064,20050118,A052900,N
2065,20020715,A052970,N
2066,20020624,A053000,N
2067,20020913,A053000,Y
2068,20010807,A053030,N
2069,20010809,A053040,N
2070,20011011,A053050,N
2071,20010817,A053060,N
2072,20010807,A053070,N
2073,20200924,A053080,N
2074,20011009,A053110,N
2075,20011030,A053160,N
2076,20020110,A053170,N
2077,20011226,A053200,N
2078,20110603,A053210,N
2079,20010720,A053250,N
2080,20020104,A053260,N
2081,20020207,A053270,N
2082,20080507,A053280,N
2083,20021209,A053290,N
2084,20140204,A053300,N
2085,20020104,A053320,N
2086,20011101,A053330,N
2087,20011115,A053350,N
2088,20010821,A053440,N
2089,20010809,A053450,N
2090,20010731,A053470,N
2091,20141223,A053580,N
2092,20010823,A053590,N
2093,20010817,A053610,N
2094,20010807,A053620,N
2095,20020215,A053660,N
2096,20090623,A053690,N
2097,20011106,A053700,N
2098,20030321,A053740,N
2099,20010913,A053800,N
2100,20020715,A053810,N
2101,20011213,A053870,N
2102,20020507,A053890,N
2103,20011106,A053950,N
2104,20011113,A053960,N
2105,20020409,A053980,N
2106,20011023,A054010,N
2107,20020507,A054020,N
2108,20020115,A054040,N
2109,20020402,A054050,N
2110,20011009,A054080,N
2111,20040206,A054090,N
2112,20020618,A054120,N
2113,20011108,A054150,N
2114,20011011,A054170,N
2115,20011016,A054180,N
2116,20020509,A054210,N
2117,20011226,A054220,N
2118,20011220,A054250,N
2119,20020110,A054300,N
2120,20020110,A054340,N
2121,20011120,A054370,N
2122,20020425,A054410,N
2123,20011122,A054440,N
2124,20041210,A054450,N
2125,20010828,A054530,N
2126,20011115,A054540,N
2127,20011204,A054620,N
2128,20011113,A054630,N
2129,20020110,A054650,N
2130,20020226,A054670,N
2131,20031114,A054780,N
2132,20011206,A054790,N
2133,20010927,A054800,N
2134,20011101,A054920,N
2135,20020115,A054930,N
2136,20011213,A054940,N
2137,20060607,A054950,N
2138,20011218,A055000,N
2139,20011206,A055250,N
2140,20171031,A055490,N
2141,20010910,A055550,N
2142,20010911,A055550,Y
2143,20011227,A055550,N
2144,20020102,A055550,Y
2145,20031107,A055810,N
2146,20030801,A055970,N
2147,20030711,A056000,N
2148,20020812,A056010,N
2149,20030704,A056020,N
2150,20020115,A056060,N
2151,20011113,A056080,N
2152,20151112,A056090,N
2153,20011220,A056140,N
2154,20011218,A056190,N
2155,20020129,A056200,N
2156,20021024,A056340,N
2157,20011204,A056360,N
2158,20020604,A056500,N
2159,20011213,A056700,N
2160,20020110,A056710,N
2161,20020104,A056730,N
2162,20020115,A056810,N
2163,20011220,A056850,N
2164,20040608,A057030,N
2165,20100913,A057050,N
2166,20021024,A057100,N
2167,20020110,A057110,N
2168,20011220,A057330,N
2169,20011226,A057500,N
2170,20070919,A057540,N
2171,20020618,A057680,N
2172,20031229,A057880,N
2173,20151214,A058110,N
2174,20050805,A058220,N
2175,20020219,A058370,N
2176,20101103,A058400,N
2177,20020110,A058420,N
2178,20020816,A058430,N
2179,20020117,A058450,N
2180,20011218,A058470,N
2181,20020115,A058480,N
2182,20020205,A058530,N
2183,20020507,A058550,N
2184,20020715,A058610,N
2185,20081219,A058630,N
2186,20010730,A058650,N
2187,20020611,A058680,N
2188,20031229,A058690,N
2189,20040802,A058730,N
2190,20010831,A058820,N
2191,20100916,A058850,N
2192,20101217,A058860,N
2193,20041029,A058900,N
2194,20020115,A059090,N
2195,20081216,A059100,N
2196,20130701,A059120,N
2197,20080415,A059210,N
2198,20020117,A059720,N
2199,20011109,A060000,N
2200,20011112,A060000,Y
2201,20011227,A060000,N
2202,20020102,A060000,Y
2203,20081010,A060000,N
2204,20020614,A060150,N
2205,20020625,A060230,N
2206,20020104,A060240,N
2207,20020108,A060250,N
2208,20020205,A060260,N
2209,20020703,A060280,N
2210,20020110,A060300,N
2211,20020423,A060310,N
2212,20020215,A060370,N
2213,20020205,A060380,N
2214,20020507,A060410,N
2215,20141229,A060480,N
2216,20061128,A060540,N
2217,20020228,A060550,N
2218,20020711,A060560,N
2219,20031219,A060570,N
2220,20020221,A060590,N
2221,20020221,A060660,N
2222,20030617,A060670,N
2223,20020521,A060720,N
2224,20020411,A060750,N
2225,20020207,A060840,N
2226,20200812,A060850,N
2227,20020917,A060900,N
2228,20100519,A060980,N
2229,20020516,A061040,N
2230,20030106,A061050,N
2231,20041029,A061140,N
2232,20020418,A061250,N
2233,20020411,A061460,N
2234,20110131,A061970,N
2235,20030523,A062730,N
2236,20060725,A062860,N
2237,20190620,A062970,N
2238,20090730,A063080,N
2239,20011211,A063160,N
2240,20080701,A063170,N
2241,20060704,A063280,N
2242,20030917,A063350,N
2243,20020530,A063440,N
2244,20011224,A063510,N
2245,20060714,A063570,N
2246,20150428,A063760,N
2247,20020730,A064060,N
2248,20021217,A064090,N
2249,20030611,A064240,N
2250,20040723,A064260,N
2251,20110105,A064290,N
2252,20131030,A064350,N
2253,20020621,A064420,N
2254,20080604,A064480,N
2255,20180315,A064510,N
2256,20021204,A064520,N
2257,20051229,A064550,N
2258,20030704,A064720,N
2259,20030818,A064760,N
2260,20020821,A064800,N
2261,20070529,A064820,N
2262,20020311,A064960,N
2263,20020527,A065060,N
2264,20030129,A065130,N
2265,20070718,A065150,N
2266,20020730,A065160,N
2267,20021122,A065170,N
2268,20021023,A065270,N
2269,20020926,A065340,N
2270,20040806,A065350,N
2271,20180402,A065370,N
2272,20020802,A065410,N
2273,20020821,A065420,N
2274,20030128,A065440,N
2275,20030205,A065450,N
2276,20020919,A065500,N
2277,20031031,A065510,N
2278,20020604,A065530,N
2279,20030701,A065560,N
2280,20030121,A065570,N
2281,20021206,A065610,N
2282,20020627,A065620,N
2283,20030121,A065650,N
2284,20160215,A065660,N
2285,20040102,A065680,N
2286,20020715,A065690,N
2287,20020715,A065710,N
2288,20040604,A065770,N
2289,20030212,A065810,N
2290,20030110,A065910,N
2291,20030107,A065940,N
2292,20030729,A065950,N
2293,20020816,A066060,N
2294,20020715,A066110,N
2295,20030211,A066130,N
2296,20030611,A066200,N
2297,20031107,A066270,N
2298,20020925,A066300,N
2299,20061124,A066310,N
2300,20020517,A066330,N
2301,20030207,A066340,N
2302,20030121,A066350,N
2303,20171204,A066360,N
2304,20031219,A066410,N
2305,20021224,A066430,N
2306,20021024,A066480,N
2307,20020422,A066570,N
2308,20020614,A066570,Y
2309,20030212,A066590,N
2310,20020905,A066620,N
2311,20021230,A066670,N
2312,20081006,A066690,N
2313,20040527,A066700,N
2314,20030530,A066790,N
2315,20030806,A066850,N
2316,20040514,A066900,N
2317,20050107,A066910,N
2318,20030124,A066930,N
2319,20030102,A066970,N
2320,20030117,A066980,N
2321,20080530,A067000,N
2322,20071218,A067010,N
2323,20030214,A067080,N
2324,20031219,A067160,N
2325,20031114,A067170,N
2326,20031027,A067250,N
2327,20061116,A067280,N
2328,20030211,A067290,N
2329,20051011,A067310,N
2330,20141224,A067390,N
2331,20131203,A067570,N
2332,20081125,A067630,N
2333,20150729,A067730,N
2334,20040109,A067770,N
2335,20020725,A067830,N
2336,20051005,A067850,N
2337,20051223,A067900,N
2338,20100804,A067920,N
2339,20040126,A067950,N
2340,20041203,A067990,N
2341,20060707,A068050,N
2342,20030128,A068060,N
2343,20030721,A068150,N
2344,20100914,A068240,N
2345,20050719,A068270,N
2346,20180309,A068270,Y
2347,20020805,A068290,N
2348,20071226,A068330,N
2349,20120727,A068400,N
2350,20051027,A068630,N
2351,20060203,A068760,N
2352,20050520,A068770,N
2353,20041001,A068790,N
2354,20020816,A068870,N
2355,20050610,A068870,Y
2356,20110610,A068870,N
2357,20031017,A068930,N
2358,20101019,A068940,N
2359,20030523,A069080,N
2360,20031014,A069110,N
2361,20101026,A069140,N
2362,20021007,A069260,N
2363,20030818,A069330,N
2364,20070620,A069410,N
2365,20021111,A069460,N
2366,20021111,A069470,N
2367,20031114,A069510,N
2368,20040213,A069540,N
2369,20021101,A069620,N
2370,20110621,A069640,N
2371,20030128,A069730,N
2372,20071205,A069920,N
2373,20021125,A069960,N
2374,20050401,A069960,Y
2375,20201211,A069960,N
2376,20100609,A070300,N
2377,20040108,A070590,N
2378,20160527,A070960,N
2379,20030721,A071050,N
2380,20070615,A071050,Y
2381,20030217,A071090,N
2382,20100526,A071200,N
2383,20031114,A071280,N
2384,20100129,A071320,N
2385,20031024,A071360,N
2386,20160714,A071460,N
2387,20040217,A071530,N
2388,20051018,A071660,N
2389,20090417,A071670,N
2390,20110629,A071840,N
2391,20140527,A071850,N
2392,20040116,A071930,N
2393,20050804,A071950,N
2394,20090515,A071970,N
2395,20031031,A072020,N
2396,20030701,A072130,N
2397,20031028,A072470,N
2398,20041029,A072520,N
2399,20031205,A072530,N
2400,20030730,A072710,N
2401,20070725,A072770,N
2402,20041221,A072870,N
2403,20120321,A072950,N
2404,20161017,A072990,N
2405,20041217,A073010,N
2406,20040128,A073070,N
2407,20071012,A073110,N
2408,20050119,A073130,N
2409,20040206,A073190,N
2410,20050217,A073240,N
2411,20050204,A073490,N
2412,20070518,A073540,N
2413,20160727,A073560,N
2414,20040106,A073570,N
2415,20040106,A073640,N
2416,20040518,A073780,N
2417,20080326,A073930,N
2418,20050727,A074130,N
2419,20060801,A074140,N
2420,20050708,A074150,N
2421,20040604,A074430,N
2422,20031212,A074600,N
2423,20031223,A074610,N
2424,20050610,A075130,N
2425,20051021,A075180,N
2426,20151130,A075580,N
2427,20040213,A075970,N
2428,20080718,A076080,N
2429,20050726,A076090,N
2430,20040116,A076170,N
2431,20131106,A076610,N
2432,20040602,A077280,N
2433,20051014,A077360,N
2434,20040805,A077500,N
2435,20041029,A077960,N
2436,20040510,A077970,N
2437,20040720,A078000,N
2438,20070221,A078020,N
2439,20090123,A078070,N
2440,20041022,A078130,N
2441,20051223,A078140,N
2442,20041208,A078150,N
2443,20050729,A078160,N
2444,20070706,A078340,N
2445,20040514,A078350,N
2446,20050204,A078520,N
2447,20051027,A078590,N
2448,20041210,A078600,N
2449,20050509,A078610,N
2450,20101022,A078650,N
2451,20070727,A078670,N
2452,20041029,A078700,N
2453,20051129,A078780,N
2454,20060627,A078860,N
2455,20050712,A078890,N
2456,20040805,A078930,N
2457,20060609,A078930,Y
2458,20040827,A078940,N
2459,20051115,A079000,N
2460,20041224,A079160,N
2461,20050201,A079170,N
2462,20051129,A079190,N
2463,20050719,A079340,N
2464,20060201,A079370,N
2465,20051122,A079430,N
2466,20170511,A079440,N
2467,20151002,A079550,N
2468,20051227,A079560,N
2469,20050121,A079650,N
2470,20040921,A079660,N
2471,20050126,A079810,N
2472,20050715,A079870,N
2473,20051019,A079940,N
2474,20050204,A079950,N
2475,20050201,A079960,N
2476,20100601,A079970,N
2477,20120223,A079980,N
2478,20050125,A080000,N
2479,20050930,A080010,N
2480,20050527,A080140,N
2481,20050726,A080160,N
2482,20050201,A080220,N
2483,20051206,A080420,N
2484,20050513,A080440,N
2485,20061103,A080470,N
2486,20071008,A080520,N
2487,20100105,A080530,N
2488,20050119,A080570,N
2489,20141224,A080580,N
2490,20180726,A080720,N
2491,20041222,A081000,N
2492,20071114,A081090,N
2493,20090423,A081150,N
2494,20080523,A081220,N
2495,20060721,A081500,N
2496,20071012,A081580,N
2497,20100928,A081660,N
2498,20190614,A081660,Y
2499,20070820,A081970,N
2500,20050624,A082210,N
2501,20050624,A082270,N
2502,20050726,A082390,N
2503,20091008,A082640,N
2504,20051005,A082660,N
2505,20110104,A082740,N
2506,20051118,A082800,N
2507,20050729,A082850,N
2508,20091028,A082920,N
2509,20080425,A082930,N
2510,20051005,A083310,N
2511,20051020,A083420,N
2512,20060201,A083450,N
2513,20080918,A083470,N
2514,20170227,A083500,N
2515,20051220,A083550,N
2516,20051227,A083640,N
2517,20051202,A083650,N
2518,20060725,A083660,N
2519,20060106,A083790,N
2520,20051011,A083930,N
2521,20051031,A084010,N
2522,20061219,A084110,N
2523,20051216,A084180,N
2524,20060117,A084370,N
2525,20071120,A084450,N
2526,20130701,A084650,N
2527,20050725,A084670,N
2528,20050726,A084680,N
2529,20050817,A084690,N
2530,20060519,A084730,N
2531,20060627,A084810,N
2532,20191107,A084850,N
2533,20051219,A084870,N
2534,20051229,A084990,N
2535,20080124,A085310,N
2536,20060704,A085370,N
2537,20141104,A085620,N
2538,20051227,A085660,N
2539,20060117,A085670,N
2540,20060125,A085680,N
2541,20131206,A085810,N
2542,20071001,A085910,N
2543,20060523,A085990,N
2544,20070921,A086040,N
2545,20060428,A086060,N
2546,20060607,A086200,N
2547,20061110,A086250,N
2548,20051226,A086280,N
2549,20100611,A086280,Y
2550,20061205,A086390,N
2551,20070529,A086450,N
2552,20070720,A086520,N
2553,20071102,A086670,N
2554,20051212,A086790,N
2555,20051213,A086790,Y
2556,20180820,A086820,N
2557,20061227,A086830,N
2558,20090203,A086890,N
2559,20090116,A086900,N
2560,20060926,A086960,N
2561,20060707,A086980,N
2562,20150722,A087010,N
2563,20091027,A087220,N
2564,20170224,A087260,N
2565,20150612,A087600,N
2566,20080404,A087730,N
2567,20061219,A088020,N
2568,20070103,A088130,N
2569,20091201,A088290,N
2570,20100317,A088350,N
2571,20110610,A088350,Y
2572,20201211,A088350,N
2573,20061020,A088390,N
2574,20080125,A088700,N
2575,20060328,A088790,N
2576,20060327,A088800,N
2577,20060417,A088810,N
2578,20060623,A088910,N
2579,20060630,A088960,N
2580,20070117,A089010,N
2581,20111110,A089030,N
2582,20061101,A089140,N
2583,20061213,A089150,N
2584,20061010,A089230,N
2585,20061222,A089240,N
2586,20060925,A089470,N
2587,20060822,A089480,N
2588,20111111,A089530,N
2589,20141104,A089590,N
2590,20130717,A089600,N
2591,20061027,A089790,N
2592,20100618,A089850,N
2593,20061108,A089890,N
2594,20180823,A089970,N
2595,20110721,A089980,N
2596,20060602,A090080,N
2597,20060612,A090090,N
2598,20070522,A090120,N
2599,20061020,A090150,N
2600,20060703,A090350,N
2601,20111017,A090360,N
2602,20061226,A090370,N
2603,20140801,A090410,N
2604,20060629,A090430,N
2605,20080613,A090430,Y
2606,20070126,A090460,N
2607,20070110,A090470,N
2608,20061205,A090710,N
2609,20081017,A090730,N
2610,20070919,A090740,N
2611,20131227,A090850,N
2612,20060731,A091090,N
2613,20070502,A091120,N
2614,20070730,A091340,N
2615,20080201,A091440,N
2616,20070523,A091580,N
2617,20120131,A091590,N
2618,20070704,A091690,N
2619,20061213,A091700,N
2620,20180801,A091810,N
2621,20070130,A091970,N
2622,20170728,A091990,N
2623,20130912,A092040,N
2624,20071116,A092070,N
2625,20081024,A092130,N
2626,20190510,A092190,N
2627,20071018,A092200,N
2628,20061016,A092220,N
2629,20061012,A092230,N
2630,20071024,A092300,N
2631,20071030,A092440,N
2632,20070522,A092460,N
2633,20070626,A092600,N
2634,20070130,A092730,N
2635,20171208,A092780,N
2636,20141224,A092870,N
2637,20061201,A093050,N
2638,20070820,A093190,N
2639,20071101,A093230,N
2640,20090928,A093240,N
2641,20110208,A093320,N
2642,20061222,A093370,N
2643,20070601,A093380,N
2644,20070212,A093520,N
2645,20071019,A093640,N
2646,20071220,A093920,N
2647,20150630,A094170,N
2648,20071029,A094190,N
2649,20071025,A094280,N
2650,20131029,A094360,N
2651,20070720,A094480,N
2652,20071106,A094820,N
2653,20080711,A094840,N
2654,20070430,A094850,N
2655,20070416,A094860,N
2656,20070914,A094940,N
2657,20071012,A094970,N
2658,20071029,A095190,N
2659,20070912,A095270,N
2660,20090417,A095300,N
2661,20071001,A095340,N
2662,20071001,A095500,N
2663,20150821,A095570,N
2664,20080520,A095610,N
2665,20070702,A095660,N
2666,20090915,A095700,N
2667,20070531,A095720,N
2668,20071016,A095910,N
2669,20080125,A096040,N
2670,20080627,A096240,N
2671,20071217,A096350,N
2672,20100910,A096530,N
2673,20071120,A096610,N
2674,20071226,A096630,N
2675,20091218,A096640,N
2676,20101201,A096690,N
2677,20070731,A096760,N
2678,20070725,A096770,N
2679,20070914,A096770,Y
2680,20080502,A096870,N
2681,20070831,A097230,N
2682,20120725,A097520,N
2683,20080123,A097780,N
2684,20130307,A097800,N
2685,20080408,A097870,N
2686,20070928,A097950,N
2687,20090612,A097950,Y
2688,20080923,A098120,N
2689,20080130,A098400,N
2690,20080603,A098460,N
2691,20090417,A098660,N
2692,20130130,A099190,N
2693,20090519,A099220,N
2694,20080613,A099320,N
2695,20091110,A099410,N
2696,20090526,A099440,N
2697,20091222,A099520,N
2698,20090430,A099660,N
2699,20190322,A099750,N
2700,20110124,A099830,N
2701,20100525,A100030,N
2702,20080801,A100090,N
2703,20090410,A100120,N
2704,20090831,A100130,N
2705,20080630,A100220,N
2706,20080215,A100250,N
2707,20181214,A100590,N
2708,20111219,A100660,N
2709,20080930,A100700,N
2710,20190315,A100790,N
2711,20080222,A100840,N
2712,20091106,A101000,N
2713,20080324,A101060,N
2714,20080402,A101140,N
2715,20080619,A101160,N
2716,20090428,A101170,N
2717,20111108,A101240,N
2718,20100204,A101330,N
2719,20130701,A101360,N
2720,20080723,A101390,N
2721,20090331,A101400,N
2722,20090414,A101490,N
2723,20160511,A101530,N
2724,20080715,A101670,N
2725,20090519,A101680,N
2726,20090603,A101730,N
2727,20101022,A101930,N
2728,20080609,A101990,N
2729,20090605,A102120,N
2730,20090521,A102210,N
2731,20080623,A102260,N
2732,20080610,A102280,N
2733,20100610,A102460,N
2734,20090528,A102710,N
2735,20090407,A102940,N
2736,20100630,A103130,N
2737,20080730,A103140,N
2738,20080730,A103150,N
2739,20080729,A103160,N
2740,20090805,A103230,N
2741,20080801,A103590,N
2742,20191120,A103840,N
2743,20090123,A104040,N
2744,20080901,A104110,N
2745,20080901,A104120,N
2746,20091006,A104200,N
2747,20091222,A104460,N
2748,20110426,A104480,N
2749,20130305,A104540,N
2750,20190130,A104620,N
2751,20080929,A104700,N
2752,20111228,A104830,N
2753,20100202,A105070,N
2754,20090929,A105330,N
2755,20140711,A105550,N
2756,20081010,A105560,N
2757,20081013,A105560,Y
2758,20090320,A105630,N
2759,20101112,A105740,N
2760,20100726,A105840,N
2761,20100209,A106080,N
2762,20100728,A106190,N
2763,20090316,A106240,N
2764,20120713,A106520,N
2765,20090302,A107590,N
2766,20090310,A108070,N
2767,20090915,A108230,N
2768,20100608,A108320,N
2769,20110708,A108380,N
2770,20181026,A108490,N
2771,20090420,A108670,N
2772,20140206,A108790,N
2773,20091210,A108860,N
2774,20090317,A109070,N
2775,20110712,A109080,N
2776,20151229,A109610,N
2777,20090923,A109740,N
2778,20091106,A109820,N
2779,20090728,A109860,N
2780,20091113,A109960,N
2781,20181214,A110020,N
2782,20090925,A110310,N
2783,20110617,A110500,N
2784,20111014,A110570,N
2785,20181001,A110790,N
2786,20180807,A110990,N
2787,20170202,A111110,N
2788,20100106,A111610,N
2789,20181129,A111710,N
2790,20090730,A111770,N
2791,20100618,A111820,N
2792,20101105,A111870,N
2793,20091218,A112040,N
2794,20111130,A112240,N
2795,20141127,A112610,N
2796,20121122,A113810,N
2797,20091119,A114090,N
2798,20150901,A114090,Y
2799,20170609,A114090,N
2800,20100721,A114120,N
2801,20091120,A114190,N
2802,20091217,A114410,N
2803,20091222,A114450,N
2804,20100204,A114570,N
2805,20100115,A114630,N
2806,20130207,A114810,N
2807,20091116,A115160,N
2808,20160229,A115180,N
2809,20100209,A115310,N
2810,20100128,A115390,N
2811,20100127,A115440,N
2812,20100326,A115450,N
2813,20111215,A115480,N
2814,20100414,A115500,N
2815,20111102,A115530,N
2816,20100127,A115570,N
2817,20100226,A115610,N
2818,20151102,A115960,N
2819,20101224,A117580,N
2820,20100917,A117670,N
2821,20181129,A117730,N
2822,20091229,A117930,N
2823,20091230,A118000,N
2824,20170804,A118990,N
2825,20100917,A119500,N
2826,20100728,A119610,N
2827,20100129,A119650,N
2828,20101026,A119830,N
2829,20131002,A119850,N
2830,20110124,A119860,N
2831,20100219,A120030,N
2832,20100201,A120110,N
2833,20101220,A120240,N
2834,20110520,A121440,N
2835,20110209,A121600,N
2836,20111201,A121800,N
2837,20120927,A121850,N
2838,20100716,A121890,N
2839,20100303,A121910,N
2840,20100312,A121950,N
2841,20100325,A122290,N
2842,20180528,A122310,N
2843,20100319,A122350,N
2844,20110525,A122450,N
2845,20141229,A122640,N
2846,20100525,A122690,N
2847,20100511,A122750,N
2848,20101126,A122800,N
2849,20111123,A122870,N
2850,20100730,A122900,N
2851,20100910,A122990,N
2852,20141031,A123010,N
2853,20100806,A123040,N
2854,20111101,A123100,N
2855,20100611,A123160,N
2856,20111205,A123260,N
2857,20100824,A123290,N
2858,20101029,A123300,N
2859,20110803,A123330,N
2860,20100827,A123410,N
2861,20101110,A123420,N
2862,20100824,A123550,N
2863,20111125,A123570,N
2864,20100601,A123690,N
2865,20100531,A123700,N
2866,20100702,A123750,N
2867,20101005,A123840,N
2868,20101105,A123860,N
2869,20160713,A123890,N
2870,20100824,A123910,N
2871,20100709,A124050,N
2872,20130701,A124500,N
2873,20191210,A124560,N
2874,20190329,A125210,N
2875,20130701,A126340,N
2876,20101223,A126560,N
2877,20101112,A126600,N
2878,20100831,A126640,N
2879,20101222,A126680,N
2880,20100910,A126700,N
2881,20120215,A126870,N
2882,20110131,A126880,N
2883,20111226,A127120,N
2884,20131220,A127160,N
2885,20150731,A127710,N
2886,20181205,A128540,N
2887,20101213,A128660,N
2888,20100730,A128820,N
2889,20101208,A128910,N
2890,20100730,A128940,N
2891,20160610,A128940,Y
2892,20111216,A129260,N
2893,20201202,A129890,N
2894,20130802,A130500,N
2895,20111222,A130580,N
2896,20101216,A130660,N
2897,20110208,A130740,N
2898,20101015,A130960,N
2899,20101203,A131030,N
2900,20111221,A131090,N
2901,20110614,A131100,N
2902,20110131,A131180,N
2903,20111011,A131220,N
2904,20110105,A131290,N
2905,20110105,A131370,N
2906,20110927,A131390,N
2907,20101227,A131400,N
2908,20150817,A131760,N
2909,20131022,A131970,N
2910,20151218,A133750,N
2911,20140722,A133820,N
2912,20110427,A134060,N
2913,20110215,A134380,N
2914,20131126,A134580,N
2915,20110810,A134780,N
2916,20110125,A134790,N
2917,20110502,A136480,N
2918,20110216,A136490,N
2919,20111118,A136510,N
2920,20110502,A136540,N
2921,20120706,A137400,N
2922,20110614,A137940,N
2923,20110808,A137950,N
2924,20110513,A138040,N
2925,20111128,A138070,N
2926,20140227,A138080,N
2927,20150327,A138250,N
2928,20131108,A138360,N
2929,20110615,A138490,N
2930,20171130,A138580,N
2931,20110713,A138610,N
2932,20110602,A138690,N
2933,20110330,A138930,N
2934,20110331,A138930,Y
2935,20110729,A139050,N
2936,20110607,A139130,N
2937,20110608,A139130,Y
2938,20110610,A139130,N
2939,20110610,A139480,N
2940,20130614,A139480,Y
2941,20111202,A139670,N
2942,20170125,A140070,N
2943,20120120,A140410,N
2944,20141205,A140520,N
2945,20170811,A140670,N
2946,20151217,A140860,N
2947,20120504,A141000,N
2948,20130129,A141020,N
2949,20121116,A141070,N
2950,20130510,A141080,N
2951,20160202,A142210,N
2952,20141217,A142280,N
2953,20141126,A142760,N
2954,20110926,A143160,N
2955,20161202,A143210,N
2956,20120221,A143240,N
2957,20141029,A143540,N
2958,20160623,A144510,N
2959,20120405,A144620,N
2960,20161130,A144960,N
2961,20151224,A145020,N
2962,20150319,A145210,N
2963,20170315,A145720,N
2964,20111205,A145990,N
2965,20161212,A147760,N
2966,20120213,A147830,N
2967,20170116,A148140,N
2968,20190730,A148150,N
2969,20131224,A148250,N
2970,20120925,A149940,N
2971,20121106,A149950,N
2972,20130701,A149980,N
2973,20131219,A150840,N
2974,20131018,A150900,N
2975,20130724,A151860,N
2976,20120802,A151910,N
2977,20151229,A152330,N
2978,20120719,A153460,N
2979,20130205,A153490,N
2980,20181026,A153710,N
2981,20140708,A154030,N
2982,20131227,A154040,N
2983,20121115,A155650,N
2984,20130515,A155660,N
2985,20130213,A155960,N
2986,20130701,A156100,N
2987,20130403,A158310,N
2988,20130430,A158380,N
2989,20191017,A158430,N
2990,20130219,A159580,N
2991,20121227,A159910,N
2992,20141223,A160550,N
2993,20150626,A160600,N
2994,20150617,A160980,N
2995,20120917,A161000,N
2996,20121004,A161390,N
2997,20140613,A161390,Y
2998,20131113,A161570,N
2999,20170601,A161580,N
3000,20121019,A161890,N
3001,20121019,A163560,N
3002,20200806,A164060,N
3003,20170428,A166090,N
3004,20150626,A166480,N
3005,20131031,A168330,N
3006,20200701,A169330,N
3007,20131204,A170030,N
3008,20130801,A170790,N
3009,20130408,A170900,N
3010,20131008,A170920,N
3011,20131118,A171010,N
3012,20170920,A171090,N
3013,20131119,A171120,N
3014,20161220,A173130,N
3015,20141204,A173940,N
3016,20160715,A174880,N
3017,20170918,A174900,N
3018,20150923,A175140,N
3019,20180712,A175250,N
3020,20130718,A175330,N
3021,20161128,A176440,N
3022,20130701,A177350,N
3023,20140804,A177830,N
3024,20170327,A178320,N
3025,20150630,A178780,N
3026,20141208,A178920,N
3027,20181129,A179290,N
3028,20170927,A179900,N
3029,20141215,A180400,N
3030,20130916,A180640,N
3031,20200612,A180640,Y
3032,20170726,A181340,N
3033,20130829,A181710,N
3034,20131121,A182360,N
3035,20151023,A182400,N
3036,20131011,A182690,N
3037,20131106,A183190,N
3038,20170323,A183300,N
3039,20130925,A183490,N
3040,20131220,A184230,N
3041,20131128,A185490,N
3042,20131206,A185750,N
3043,20131220,A186230,N
3044,20141217,A187220,N
3045,20140808,A187270,N
3046,20150529,A187420,N
3047,20140508,A187790,N
3048,20171220,A187870,N
3049,20161018,A189300,N
3050,20150211,A189690,N
3051,20141224,A189860,N
3052,20150807,A189980,N
3053,20151112,A190510,N
3054,20191120,A190650,N
3055,20151224,A191410,N
3056,20141106,A191420,N
3057,20151104,A192080,N
3058,20140428,A192250,N
3059,20140725,A192390,N
3060,20140806,A192400,N
3061,20140814,A192410,N
3062,20141105,A192440,N
3063,20140522,A192520,N
3064,20140522,A192530,N
3065,20190314,A192650,N
3066,20140407,A192820,N
3067,20141229,A193250,N
3068,20160204,A194370,N
3069,20141006,A194480,N
3070,20141121,A194510,N
3071,20140610,A194610,N
3072,20181114,A194700,N
3073,20161221,A195440,N
3074,20190820,A195500,N
3075,20160624,A195870,N
3076,20150413,A195990,N
3077,20141212,A196170,N
3078,20161207,A196300,N
3079,20140602,A196450,N
3080,20141119,A196490,N
3081,20150824,A196700,N
3082,20140530,A197140,N
3083,20140926,A197210,N
3084,20200316,A198080,N
3085,20140813,A198440,N
3086,20201126,A199820,N
3087,20140723,A200130,N
3088,20141124,A200230,N
3089,20141226,A200470,N
3090,20141226,A200670,N
3091,20141216,A200710,N
3092,20141215,A200780,N
3093,20140808,A200880,N
3094,20161010,A201490,N
3095,20140723,A203450,N
3096,20141013,A203650,N
3097,20140930,A203690,N
3098,20180723,A204020,N
3099,20200304,A204270,N
3100,20141006,A204320,N
3101,20141022,A204440,N
3102,20141119,A204620,N
3103,20141229,A204630,N
3104,20141124,A204650,N
3105,20141110,A204760,N
3106,20141120,A204840,N
3107,20150403,A204990,N
3108,20141107,A205100,N
3109,20141201,A205470,N
3110,20141112,A205500,N
3111,20141210,A206400,N
3112,20151222,A206560,N
3113,20141229,A206640,N
3114,20170124,A206650,N
3115,20150205,A206660,N
3116,20141217,A207720,N
3117,20141212,A207760,N
3118,20150331,A207930,N
3119,20161110,A207940,N
3120,20170609,A207940,Y
3121,20141217,A208140,N
3122,20181121,A208340,N
3123,20141224,A208350,N
3124,20141217,A208370,N
3125,20141229,A208640,N
3126,20141224,A208710,N
3127,20160728,A208860,N
3128,20141224,A208870,N
3129,20150115,A210540,N
3130,20150623,A210980,N
3131,20160304,A211270,N
3132,20151118,A212560,N
3133,20151201,A213090,N
3134,20150206,A213420,N
3135,20150126,A213500,N
3136,20150403,A214150,N
3137,20150630,A214180,N
3138,20191111,A214260,N
3139,20150325,A214270,N
3140,20150625,A214310,N
3141,20150717,A214320,N
3142,20151111,A214330,N
3143,20151117,A214370,N
3144,20150629,A214390,N
3145,20150710,A214420,N
3146,20150730,A214430,N
3147,20150724,A214450,N
3148,20150622,A214610,N
3149,20150420,A214680,N
3150,20151013,A214870,N
3151,20150403,A215000,N
3152,20150428,A215090,N
3153,20150422,A215100,N
3154,20150504,A215200,N
3155,20150506,A215360,N
3156,20150518,A215380,N
3157,20150513,A215480,N
3158,20150519,A215580,N
3159,20161206,A215600,N
3160,20150522,A215750,N
3161,20150508,A215790,N
3162,20161031,A216050,N
3163,20191114,A216080,N
3164,20150925,A217190,N
3165,20150618,A217270,N
3166,20181122,A217330,N
3167,20170302,A217480,N
3168,20150616,A217500,N
3169,20150626,A217600,N
3170,20150610,A217620,N
3171,20151221,A217730,N
3172,20150612,A217810,N
3173,20151207,A217820,N
3174,20150618,A218150,N
3175,20150630,A218410,N
3176,20150706,A218710,N
3177,20150925,A219130,N
3178,20160729,A219420,N
3179,20150722,A219550,N
3180,20150630,A219580,N
3181,20150617,A219750,N
3182,20150720,A219860,N
3183,20150717,A219960,N
3184,20150813,A220100,N
3185,20150629,A220180,N
3186,20150727,A220260,N
3187,20150828,A220630,N
3188,20150909,A221200,N
3189,20160127,A221610,N
3190,20151125,A221840,N
3191,20150821,A221950,N
3192,20151119,A221980,N
3193,20151216,A222040,N
3194,20150902,A222080,N
3195,20160311,A222110,N
3196,20150805,A222390,N
3197,20150806,A222420,N
3198,20150807,A222800,N
3199,20150813,A222810,N
3200,20151223,A222980,N
3201,20150827,A223040,N
3202,20200522,A223250,N
3203,20151224,A223310,N
3204,20151229,A224060,N
3205,20150825,A224110,N
3206,20170602,A225190,N
3207,20150803,A225220,N
3208,20160407,A225330,N
3209,20151008,A225430,N
3210,20151019,A225440,N
3211,20151217,A225530,N
3212,20150925,A225570,N
3213,20151005,A225590,N
3214,20150904,A225650,N
3215,20151228,A226320,N
3216,20191217,A226330,N
3217,20151105,A226340,N
3218,20160203,A226350,N
3219,20151022,A226360,N
3220,20160504,A226400,N
3221,20151006,A226440,N
3222,20151029,A226850,N
3223,20180718,A226950,N
3224,20181115,A227100,N
3225,20170712,A227610,N
3226,20151023,A227840,N
3227,20151118,A227950,N
3228,20160406,A228340,N
3229,20190808,A228670,N
3230,20160719,A228760,N
3231,20160411,A228850,N
3232,20151027,A229000,N
3233,20160922,A229640,N
3234,20151216,A230240,N
3235,20160808,A230360,N
3236,20151218,A230490,N
3237,20160302,A230980,N
3238,20151224,A232140,N
3239,20160229,A232270,N
3240,20161116,A232330,N
3241,20161027,A234080,N
3242,20151229,A234100,N
3243,20171205,A234300,N
3244,20190712,A234340,N
3245,20191014,A234690,N
3246,20160906,A234920,N
3247,20160304,A235010,N
3248,20191219,A235980,N
3249,20160205,A236200,N
3250,20160623,A237690,N
3251,20160704,A237750,N
3252,20200312,A237820,N
3253,20161109,A237880,N
3254,20161012,A238090,N
3255,20161103,A238120,N
3256,20181226,A238200,N
3257,20170720,A238490,N
3258,20160609,A239340,N
3259,20161028,A239610,N
3260,20160622,A240540,N
3261,20160502,A240810,N
3262,20161219,A241520,N
3263,20161118,A241560,N
3264,20180615,A241560,Y
3265,20161004,A241590,N
3266,20160920,A241690,N
3267,20161028,A241710,N
3268,20171206,A241770,N
3269,20161201,A241790,N
3270,20170223,A241820,N
3271,20190719,A241840,N
3272,20160907,A242040,N
3273,20160603,A243070,N
3274,20170927,A243840,N
3275,20190920,A244460,N
3276,20200423,A244920,N
3277,20180626,A245620,N
3278,20161215,A246690,N
3279,20181128,A246710,N
3280,20170320,A246720,N
3281,20190201,A246960,N
3282,20190305,A247540,N
3283,20160809,A248170,N
3284,20160831,A249420,N
3285,20170608,A250000,N
3286,20160908,A250060,N
3287,20160929,A250930,N
3288,20170512,A251270,N
3289,20170609,A251270,Y
3290,20170427,A251370,N
3291,20170713,A251630,N
3292,20190704,A251970,N
3293,20161102,A252500,N
3294,20171124,A253450,N
3295,20180404,A253590,N
3296,20161111,A253840,N
3297,20161202,A254120,N
3298,20180126,A255220,N
3299,20170929,A255440,N
3300,20190905,A256150,N
3301,20170502,A256630,N
3302,20161228,A256840,N
3303,20161221,A256940,N
3304,20180913,A257370,N
3305,20170223,A257730,N
3306,20170822,A258610,N
3307,20170427,A258790,N
3308,20180529,A258830,N
3309,20170920,A259630,N
3310,20180212,A260660,N
3311,20171207,A260930,N
3312,20170626,A261200,N
3313,20200716,A262260,N
3314,20170303,A262830,N
3315,20181120,A263020,N
3316,20181224,A263050,N
3317,20170915,A263540,N
3318,20170828,A263600,N
3319,20181122,A263690,N
3320,20180328,A263700,N
3321,20170801,A263720,N
3322,20170914,A263750,N
3323,20170406,A263770,N
3324,20170803,A263800,N
3325,20171016,A263810,N
3326,20170802,A263860,N
3327,20170928,A263920,N
3328,20170502,A264290,N
3329,20170331,A264450,N
3330,20180125,A264660,N
3331,20170601,A264850,N
3332,20170411,A264900,N
3333,20170526,A265480,N
3334,20170407,A265520,N
3335,20171026,A265560,N
3336,20201202,A265740,N
3337,20170608,A265920,N
3338,20170510,A267250,N
3339,20180615,A267250,Y
3340,20170510,A267260,N
3341,20170510,A267270,N
3342,20170512,A267290,N
3343,20170622,A267320,N
3344,20180201,A267790,N
3345,20181123,A267850,N
3346,20170605,A267980,N
3347,20170522,A268280,N
3348,20181109,A268600,N
3349,20171226,A269620,N
3350,20170822,A270520,N
3351,20181213,A270870,N
3352,20170707,A271560,N
3353,20180615,A271560,Y
3354,20170724,A271740,N
3355,20170717,A271980,N
3356,20191025,A272110,N
3357,20191113,A272210,N
3358,20170710,A272290,N
3359,20171208,A272450,N
3360,20171129,A272550,N
3361,20170807,A273060,N
3362,20200303,A274090,N
3363,20180806,A275630,N
3364,20171110,A276920,N
3365,20180314,A277070,N
3366,20170929,A277410,N
3367,20171020,A277480,N
3368,20171030,A277880,N
3369,20190211,A278280,N
3370,20191127,A278650,N
3371,20171127,A279410,N
3372,20171110,A279600,N
3373,20171030,A280360,N
3374,20171221,A281410,N
3375,20171212,A281740,N
3376,20171205,A281820,N
3377,20171208,A282330,N
3378,20190614,A282330,Y
3379,20171129,A282690,N
3380,20190805,A282880,N
3381,20180608,A284620,N
3382,20180111,A284740,N
3383,20180105,A285130,N
3384,20201211,A285130,Y
3385,20181102,A285490,N
3386,20190819,A286750,N
3387,20180727,A286940,N
3388,20180508,A287410,N
3389,20191220,A288330,N
3390,20181015,A288620,N
3391,20190711,A289010,N
3392,20180706,A289080,N
3393,20181207,A290120,N
3394,20180802,A290270,N
3395,20180810,A290380,N
3396,20191129,A290510,N
3397,20200706,A290520,N
3398,20181221,A290550,N
3399,20181101,A290650,N
3400,20181128,A290660,N
3401,20181106,A290670,N
3402,20201106,A290690,N
3403,20181004,A290720,N
3404,20180828,A290740,N
3405,20180511,A291210,N
3406,20180913,A291230,N
3407,20200916,A291650,N
3408,20181002,A293480,N
3409,20200910,A293490,N
3410,20181004,A293580,N
3411,20190612,A293780,N
3412,20200914,A294090,N
3413,20200228,A294140,N
3414,20200220,A294630,N
3415,20180612,A294870,N
3416,20191121,A297090,N
3417,20180720,A297570,N
3418,20200622,A297890,N
3419,20180713,A298000,N
3420,20180713,A298020,N
3421,20180713,A298040,N
3422,20180713,A298050,N
3423,20200617,A298060,N
3424,20181219,A298380,N
3425,20200727,A298540,N
3426,20181227,A298690,N
3427,20201125,A299030,N
3428,20180921,A299170,N
3429,20190220,A299660,N
3430,20181220,A299900,N
3431,20181203,A299910,N
3432,20190717,A300080,N
3433,20191018,A300120,N
3434,20180806,A300720,N
3435,20201028,A301300,N
3436,20181212,A302430,N
3437,20180814,A302550,N
3438,20180830,A303030,N
3439,20200723,A304100,N
3440,20201019,A304840,N
3441,20190605,A305090,N
3442,20191118,A306040,N
3443,20181005,A306200,N
3444,20181031,A306620,N
3445,20181207,A307070,N
3446,20181130,A307160,N
3447,20181221,A307180,N
3448,20181205,A307280,N
3449,20181219,A307750,N
3450,20181212,A307870,N
3451,20190523,A307930,N
3452,20190328,A307950,N
3453,20190610,A308100,N
3454,20191125,A308170,N
3455,20181220,A309930,N
3456,20181221,A310200,N
3457,20181224,A310840,N
3458,20181220,A310870,N
3459,20181226,A311270,N
3460,20190822,A311390,N
3461,20191226,A311690,N
3462,20190701,A312610,N
3463,20190321,A313750,N
3464,20190725,A313760,N
3465,20190213,A316140,Y
3466,20190327,A317030,N
3467,20190918,A317120,N
3468,20190429,A317240,N
3469,20190503,A317320,N
3470,20190802,A317330,N
3471,20191106,A317400,N
3472,20191029,A317530,N
3473,20201209,A317690,N
3474,20190801,A317770,N
3475,20190814,A317830,N
3476,20190724,A317850,N
3477,20191024,A317870,N
3478,20190801,A318000,N
3479,20191022,A318010,N
3480,20201203,A318020,N
3481,20200921,A318410,N
3482,20190508,A319400,N
3483,20190510,A319660,N
3484,20190918,A320000,N
3485,20190531,A321260,N
3486,20191122,A321550,N
3487,20191119,A322000,N
3488,20191031,A322180,N
3489,20191211,A322510,N
3490,20190531,A322780,N
3491,20190715,A323210,N
3492,20190619,A323230,N
3493,20190624,A323280,N
3494,20190624,A323940,N
3495,20200922,A323990,N
3496,20200702,A326030,N
3497,20200911,A326030,Y
3498,20191224,A327260,N
3499,20190820,A328380,N
3500,20190830,A329560,N
3501,20200703,A330350,N
3502,20201117,A330860,N
3503,20190930,A330990,N
3504,20191002,A331380,N
3505,20191029,A331520,N
3506,20200821,A331920,N
3507,20191011,A332290,N
3508,20200824,A332370,N
3509,20200731,A332570,N
3510,20191101,A332710,N
3511,20191031,A333050,N
3512,20191106,A333430,N
3513,20201222,A335810,N
3514,20191209,A335870,N
3515,20191203,A335890,N
3516,20191128,A336060,N
3517,20191018,A336260,N
3518,20191018,A336370,N
3519,20191219,A336570,N
3520,20191204,A337450,N
3521,20200813,A337930,N
3522,20201112,A339770,N
3523,20191224,A339950,N
3524,20191223,A340120,N
3525,20200311,A340350,N
3526,20191219,A340360,N
3527,20191227,A340440,N
3528,20201120,A340570,N
3529,20200130,A341160,N
3530,20200130,A342550,N
3531,20200723,A343510,N
3532,20200212,A344050,N
3533,20200121,A344820,N
3534,20201029,A347000,N
3535,20200324,A347140,N
3536,20200909,A347740,N
3537,20200918,A347770,N
3538,20201221,A347860,N
3539,20200729,A347890,N
3540,20201118,A348150,N
3541,20201008,A348210,N
3542,20201030,A348350,N
3543,20200520,A349720,N
3544,20200622,A351320,N
3545,20200715,A351340,N
3546,20201204,A352770,N
3547,20201015,A352820,N
3548,20201211,A352820,Y
3549,20201211,A352940,N
3550,20201216,A353060,N
3551,20200729,A353070,N
3552,20200617,A353190,N
3553,20200521,A353200,N
3554,20200828,A353490,N
3555,20200605,A353810,N
3556,20201210,A354200,N
3557,20200918,A355150,N
3558,20201214,A356860,N
3559,20201223,A357550,N
3560,20200806,A357780,N
3561,20200923,A359090,N
3562,20200922,A363280,N
3563,20201223,A365550,N
3564,20201221,A365590,N
3565,20201209,A367340,N
3566,20201223,A369370,N
3567,20070817,A900010,N
3568,20080129,A900020,N
3569,20081204,A900030,N
3570,20090529,A900040,N
3571,20090522,A900050,N
3572,20090327,A900060,N
3573,20091223,A900070,N
3574,20091204,A900080,N
3575,20100205,A900090,N
3576,20100421,A900100,N
3577,20100423,A900110,N
3578,20100331,A900120,N
3579,20100723,A900130,N
3580,20101130,A900140,N
3581,20100915,A900150,N
3582,20110613,A900180,N
3583,20160128,A900250,N
3584,20160630,A900260,N
3585,20160818,A900270,N
3586,20161019,A900280,N
3587,20161025,A900290,N
3588,20161104,A900300,N
3589,20170810,A900310,N
3590,20181130,A900340,N
3591,20071126,A950010,N
3592,20090424,A950030,N
3593,20110125,A950070,N
3594,20120430,A950100,N
3595,20121217,A950110,N
3596,20130530,A950130,N
3597,20161014,A950140,N
3598,20171106,A950160,N
3599,20180406,A950170,N
3600,20190507,A950180,N
3601,20200818,A950190,N
3602,20200713,A950200,N
