,std_dt,symbol,market
0,20000104,A000010,KSE
1,20000104,A000020,KSE
2,20000104,A000030,KSE
3,20141119,A000030,KSE
4,20000104,A000040,KSE
5,20000104,A000050,KSE
6,20000104,A000060,KSE
7,20000104,A000070,KSE
8,20000104,A000080,KSE
9,20091019,A000080,KSE
10,20000104,A000100,KSE
11,20000104,A000110,KSE
12,20000104,A000120,KSE
13,20000104,A000140,KSE
14,20000104,A000150,KSE
15,20000104,A000180,KSE
16,20000104,A000200,KSE
17,20000104,A000210,KSE
18,20000104,A000220,KSE
19,20000104,A000230,KSE
20,20000104,A000240,KSE
21,20001004,A000250,KOSDAQ
22,20000104,A000270,KSE
23,20000104,A000280,KSE
24,20000104,A000300,KSE
25,20000104,A000310,KSE
26,20000104,A000320,KSE
27,20000104,A000360,KSE
28,20000104,A000370,KSE
29,20000104,A000380,KOSDAQ
30,20000104,A000390,KSE
31,20000104,A000400,KSE
32,20000104,A000420,KSE
33,20000104,A000430,KSE
34,20000104,A000440,KOSDAQ
35,20000104,A000470,KSE
36,20000104,A000480,KSE
37,20000104,A000490,KSE
38,20000104,A000500,KSE
39,20000104,A000520,KSE
40,20000104,A000540,KSE
41,20000104,A000590,KSE
42,20000104,A000610,KSE
43,20000104,A000640,KSE
44,20000104,A000650,KSE
45,20000104,A000660,KSE
46,20000104,A000670,KSE
47,20000104,A000680,KSE
48,20000104,A000700,KSE
49,20000104,A000720,KSE
50,20000104,A000760,KSE
51,20000104,A000810,KSE
52,20000104,A000830,KSE
53,20000104,A000840,KSE
54,20000104,A000850,KSE
55,20000104,A000860,KSE
56,20000104,A000880,KSE
57,20000104,A000890,KSE
58,20000104,A000900,KSE
59,20000104,A000910,KSE
60,20000104,A000950,KSE
61,20000104,A000970,KSE
62,20000104,A000990,KSE
63,20000104,A001000,KOSDAQ
64,20000104,A001020,KSE
65,20000104,A001030,KSE
66,20000104,A001040,KSE
67,20000104,A001060,KSE
68,20000104,A001070,KSE
69,20000104,A001080,KSE
70,20000104,A001120,KSE
71,20000104,A001130,KSE
72,20000104,A001140,KSE
73,20000104,A001150,KSE
74,20000104,A001190,KSE
75,20000104,A001200,KSE
76,20000104,A001210,KSE
77,20000104,A001230,KSE
78,20000104,A001250,KSE
79,20000104,A001260,KSE
80,20000104,A001270,KSE
81,20000104,A001280,KSE
82,20000104,A001290,KSE
83,20000104,A001300,KSE
84,20000104,A001340,KSE
85,20000104,A001350,KSE
86,20000104,A001360,KSE
87,20000104,A001370,KSE
88,20000104,A001380,KSE
89,20000104,A001390,KSE
90,20000104,A001400,KSE
91,20000104,A001420,KSE
92,20000104,A001430,KSE
93,20000104,A001440,KSE
94,20000104,A001450,KSE
95,20000104,A001460,KSE
96,20000104,A001470,KSE
97,20000104,A001500,KSE
98,20000104,A001510,KSE
99,20000104,A001520,KSE
100,20000104,A001530,KSE
101,20000615,A001540,KOSDAQ
102,20000104,A001550,KSE
103,20051209,A001560,KSE
104,20000104,A001570,KSE
105,20000104,A001580,KSE
106,20000104,A001600,KSE
107,20000104,A001620,KSE
108,20000104,A001630,KSE
109,20000104,A001670,KSE
110,20000104,A001680,KSE
111,20000104,A001690,KSE
112,20000104,A001720,KSE
113,20000104,A001740,KSE
114,20000104,A001750,KSE
115,20000104,A001770,KSE
116,20000104,A001780,KSE
117,20070607,A001780,KSE
118,20000104,A001790,KSE
119,20000104,A001800,KSE
120,20000104,A001810,KOSDAQ
121,20000104,A001820,KSE
122,20000104,A001830,KSE
123,20000104,A001840,KOSDAQ
124,20000104,A001880,KSE
125,20000104,A001920,KSE
126,20000104,A001940,KSE
127,20000104,A001950,KSE
128,20000104,A001980,KSE
129,20000104,A002000,KSE
130,20000104,A002020,KSE
131,20000104,A002030,KSE
132,20000104,A002050,KSE
133,20000104,A002070,KSE
134,20000104,A002080,KSE
135,20000104,A002100,KSE
136,20000104,A002130,KSE
137,20000104,A002140,KSE
138,20100812,A002150,KSE
139,20000104,A002170,KSE
140,20000104,A002180,KSE
141,20000104,A002200,KSE
142,20000104,A002210,KSE
143,20000104,A002220,KSE
144,20000104,A002230,KOSDAQ
145,20000104,A002240,KSE
146,20000104,A002250,KSE
147,20000104,A002270,KSE
148,20000104,A002290,KOSDAQ
149,20000104,A002300,KSE
150,20000104,A002310,KSE
151,20000104,A002320,KSE
152,20000104,A002350,KSE
153,20000104,A002360,KSE
154,20000104,A002380,KSE
155,20000104,A002390,KSE
156,20000104,A002410,KSE
157,20000104,A002420,KSE
158,20000104,A002450,KSE
159,20000104,A002460,KSE
160,20000104,A002530,KSE
161,20000104,A002540,KSE
162,20000104,A002550,KSE
163,20000104,A002600,KSE
164,20000104,A002610,KSE
165,20000104,A002620,KSE
166,20000104,A002630,KSE
167,20000104,A002670,KOSDAQ
168,20000104,A002680,KOSDAQ
169,20150924,A002690,KSE
170,20000104,A002700,KSE
171,20000104,A002710,KSE
172,20000104,A002720,KSE
173,20000104,A002740,KSE
174,20000104,A002760,KSE
175,20000104,A002780,KSE
176,20000104,A002790,KSE
177,20170228,A002800,KOSDAQ
178,20000104,A002810,KSE
179,20000104,A002820,KSE
180,20000104,A002840,KSE
181,20000104,A002850,KSE
182,20000104,A002860,KSE
183,20000104,A002870,KSE
184,20000104,A002880,KSE
185,20000104,A002900,KSE
186,20000104,A002920,KSE
187,20000104,A002930,KSE
188,20000104,A002940,KSE
189,20000104,A002950,KSE
190,20000104,A002960,KSE
191,20000104,A002990,KSE
192,20000104,A003000,KSE
193,20000104,A003010,KSE
194,20000104,A003020,KSE
195,20000104,A003030,KSE
196,20000104,A003040,KSE
197,20000104,A003050,KSE
198,20000104,A003060,KSE
199,20000104,A003070,KSE
200,20000104,A003080,KSE
201,20000104,A003090,KSE
202,20000104,A003100,KOSDAQ
203,20000104,A003110,KSE
204,20000104,A003120,KSE
205,20000104,A003160,KSE
206,20000104,A003190,KSE
207,20000104,A003200,KSE
208,20000104,A003220,KSE
209,20000104,A003230,KSE
210,20000104,A003240,KSE
211,20000104,A003280,KSE
212,20000104,A003300,KSE
213,20000104,A003310,KOSDAQ
214,20000104,A003320,KSE
215,20000104,A003330,KSE
216,20000104,A003350,KSE
217,20000104,A003380,KOSDAQ
218,20170630,A003380,KOSDAQ
219,20000104,A003410,KSE
220,20000104,A003430,KOSDAQ
221,20000104,A003450,KSE
222,20000104,A003460,KSE
223,20000104,A003470,KSE
224,20000104,A003480,KSE
225,20000104,A003490,KSE
226,20000104,A003520,KSE
227,20000104,A003530,KSE
228,20000104,A003540,KSE
229,20000104,A003550,KSE
230,20000104,A003560,KSE
231,20000104,A003570,KSE
232,20000104,A003580,KSE
233,20000104,A003590,KSE
234,20000104,A003600,KSE
235,20000104,A003610,KSE
236,20000104,A003620,KSE
237,20000104,A003640,KSE
238,20000104,A003650,KSE
239,20000104,A003660,KSE
240,20011101,A003670,KOSDAQ
241,20190529,A003670,KSE
242,20000104,A003680,KSE
243,20000104,A003690,KSE
244,20000104,A003720,KSE
245,20000104,A003780,KSE
246,20000104,A003800,KOSDAQ
247,20000104,A003810,KSE
248,20000104,A003830,KSE
249,20000104,A003850,KSE
250,20000104,A003900,KSE
251,20000104,A003920,KSE
252,20000104,A003930,KSE
253,20000104,A003940,KSE
254,20000104,A003960,KSE
255,20000104,A003990,KSE
256,20000104,A004000,KSE
257,20000104,A004010,KSE
258,20000104,A004020,KSE
259,20000104,A004060,KSE
260,20000104,A004080,KSE
261,20000104,A004090,KSE
262,20000104,A004100,KSE
263,20000104,A004110,KSE
264,20000104,A004130,KSE
265,20000104,A004140,KSE
266,20000104,A004150,KSE
267,20000104,A004170,KSE
268,20000104,A004190,KSE
269,20000104,A004200,KSE
270,20000104,A004230,KSE
271,20000104,A004250,KSE
272,20000104,A004270,KSE
273,20000104,A004290,KSE
274,20000104,A004310,KSE
275,20000104,A004320,KOSDAQ
276,20000104,A004360,KSE
277,20000104,A004370,KSE
278,20000104,A004380,KSE
279,20000104,A004390,KSE
280,20000104,A004410,KSE
281,20000104,A004430,KSE
282,20160330,A004440,KSE
283,20000104,A004450,KSE
284,20000104,A004460,KSE
285,20000104,A004490,KSE
286,20000104,A004510,KSE
287,20000104,A004530,KSE
288,20000104,A004540,KSE
289,20000104,A004550,KSE
290,20000104,A004560,KSE
291,20000104,A004590,KOSDAQ
292,20000104,A004620,KSE
293,20140730,A004650,KOSDAQ
294,20000104,A004660,KSE
295,20000104,A004690,KSE
296,20000104,A004700,KSE
297,20000104,A004710,KSE
298,20000104,A004720,KSE
299,20000104,A004730,KSE
300,20000104,A004740,KSE
301,20000104,A004770,KSE
302,20000104,A004780,KOSDAQ
303,20000104,A004790,KOSDAQ
304,20000104,A004800,KSE
305,20000104,A004820,KSE
306,20000104,A004830,KSE
307,20000104,A004840,KSE
308,20000104,A004870,KSE
309,20050630,A004890,KSE
310,20000104,A004910,KSE
311,20000104,A004920,KSE
312,20000104,A004940,KSE
313,20000104,A004960,KSE
314,20000104,A004970,KSE
315,20000104,A004980,KSE
316,20000104,A004990,KSE
317,20000104,A005010,KSE
318,20000104,A005030,KSE
319,20000104,A005060,KSE
320,20000104,A005070,KSE
321,20000104,A005090,KSE
322,20000104,A005110,KSE
323,20000104,A005160,KOSDAQ
324,20000104,A005180,KSE
325,20000104,A005190,KSE
326,20000104,A005250,KSE
327,20000104,A005270,KSE
328,20000104,A005280,KSE
329,20000104,A005290,KOSDAQ
330,20000104,A005300,KSE
331,20000104,A005320,KSE
332,20000104,A005330,KSE
333,20000104,A005350,KSE
334,20000104,A005360,KSE
335,20000104,A005380,KSE
336,20000104,A005390,KSE
337,20000104,A005410,KSE
338,20000104,A005420,KSE
339,20000104,A005430,KSE
340,20000104,A005440,KSE
341,20000104,A005450,KSE
342,20000104,A005490,KSE
343,20000104,A005500,KSE
344,20000104,A005560,KSE
345,20071112,A005560,KSE
346,20000104,A005580,KSE
347,20000104,A005600,KSE
348,20000104,A005610,KSE
349,20000104,A005620,KSE
350,20000104,A005670,KOSDAQ
351,20000104,A005680,KSE
352,20000104,A005690,KSE
353,20000104,A005710,KOSDAQ
354,20000104,A005720,KSE
355,20000104,A005740,KSE
356,20000104,A005750,KSE
357,20000104,A005760,KSE
358,20000104,A005770,KSE
359,20000104,A005790,KSE
360,20000104,A005800,KSE
361,20000104,A005810,KSE
362,20000104,A005820,KSE
363,20000104,A005830,KSE
364,20000104,A005850,KSE
365,20000104,A005860,KOSDAQ
366,20000104,A005870,KSE
367,20000104,A005880,KSE
368,20000104,A005890,KSE
369,20000104,A005930,KSE
370,20000104,A005940,KSE
371,20000104,A005950,KSE
372,20000104,A005960,KSE
373,20000104,A005980,KSE
374,20000104,A005990,KOSDAQ
375,20000104,A006000,KOSDAQ
376,20000104,A006040,KSE
377,20000104,A006050,KOSDAQ
378,20000104,A006060,KSE
379,20000104,A006070,KSE
380,20000104,A006090,KSE
381,20000104,A006110,KSE
382,20000104,A006120,KSE
383,20000104,A006140,KOSDAQ
384,20000104,A006150,KSE
385,20000104,A006160,KSE
386,20000104,A006200,KSE
387,20000104,A006210,KSE
388,20000104,A006220,KSE
389,20000104,A006250,KSE
390,20000104,A006260,KSE
391,20000104,A006280,KSE
392,20000104,A006290,KSE
393,20000104,A006300,KOSDAQ
394,20000104,A006340,KSE
395,20000104,A006350,KSE
396,20000104,A006360,KSE
397,20000104,A006370,KSE
398,20000104,A006380,KSE
399,20000104,A006390,KSE
400,20000104,A006400,KSE
401,20000104,A006490,KSE
402,20000104,A006570,KSE
403,20000104,A006580,KOSDAQ
404,20000104,A006600,KSE
405,20000104,A006610,KSE
406,20180213,A006620,KOSDAQ
407,20000104,A006650,KSE
408,20000104,A006660,KSE
409,20000104,A006730,KOSDAQ
410,20000104,A006740,KSE
411,20000104,A006750,KSE
412,20000104,A006800,KSE
413,20000104,A006840,KSE
414,20131121,A006880,KSE
415,20000104,A006890,KOSDAQ
416,20030128,A006890,KSE
417,20000104,A006910,KOSDAQ
418,20000104,A006920,KOSDAQ
419,20000104,A006980,KSE
420,20000104,A007050,KSE
421,20111223,A007070,KSE
422,20000104,A007090,KOSDAQ
423,20000104,A007100,KSE
424,20000104,A007110,KSE
425,20000104,A007120,KSE
426,20000104,A007160,KSE
427,20000104,A007190,KSE
428,20000104,A007200,KSE
429,20000104,A007210,KSE
430,20000104,A007280,KSE
431,20000104,A007310,KSE
432,20000104,A007330,KOSDAQ
433,20000104,A007340,KSE
434,20000104,A007360,KSE
435,20000727,A007370,KOSDAQ
436,20000104,A007390,KOSDAQ
437,20000104,A007410,KSE
438,20000104,A007420,KSE
439,20000104,A007460,KSE
440,20000104,A007480,KSE
441,20000104,A007490,KSE
442,20000104,A007530,KOSDAQ
443,20000104,A007540,KSE
444,20000104,A007570,KSE
445,20000104,A007590,KSE
446,20000104,A007610,KSE
447,20000104,A007630,KSE
448,20000822,A007660,KOSDAQ
449,20031007,A007660,KSE
450,20171201,A007680,KOSDAQ
451,20000104,A007690,KSE
452,20000104,A007700,KSE
453,20000104,A007720,KOSDAQ
454,20000104,A007770,KOSDAQ
455,20000104,A007800,KSE
456,20000104,A007810,KSE
457,20111108,A007820,KOSDAQ
458,20000104,A007830,KOSDAQ
459,20000104,A007840,KOSDAQ
460,20000104,A007860,KSE
461,20000104,A007910,KSE
462,20000104,A007980,KSE
463,20000104,A008000,KSE
464,20000104,A008020,KSE
465,20000404,A008030,KOSDAQ
466,20000104,A008040,KSE
467,20000104,A008060,KSE
468,20000104,A008080,KSE
469,20000104,A008110,KSE
470,20000104,A008250,KSE
471,20000104,A008260,KSE
472,20000104,A008270,KSE
473,20000104,A008290,KOSDAQ
474,20000104,A008320,KSE
475,20000104,A008350,KSE
476,20000104,A008370,KOSDAQ
477,20000104,A008400,KSE
478,20000104,A008420,KSE
479,20000104,A008440,KSE
480,20110223,A008470,KOSDAQ
481,20000104,A008480,KSE
482,20000104,A008490,KSE
483,20000104,A008500,KSE
484,20000104,A008530,KSE
485,20000104,A008540,KSE
486,20000104,A008560,KSE
487,20000104,A008600,KSE
488,20000104,A008640,KSE
489,20000104,A008670,KSE
490,20000104,A008700,KSE
491,20000104,A008720,KSE
492,20000104,A008730,KSE
493,20000104,A008750,KSE
494,20000104,A008770,KSE
495,20000104,A008780,KOSDAQ
496,20000104,A008800,KOSDAQ
497,20000104,A008830,KOSDAQ
498,20000104,A008870,KSE
499,20000104,A008900,KSE
500,20000104,A008920,KOSDAQ
501,20000104,A008930,KSE
502,20000104,A008970,KSE
503,20000104,A008980,KSE
504,20000104,A008990,KSE
505,20000104,A009010,KOSDAQ
506,20000104,A009050,KSE
507,20000104,A009070,KSE
508,20000104,A009080,KSE
509,20000104,A009140,KSE
510,20000104,A009150,KSE
511,20000104,A009160,KSE
512,20000104,A009180,KSE
513,20000104,A009190,KSE
514,20000104,A009200,KSE
515,20000104,A009220,KOSDAQ
516,20020716,A009240,KSE
517,20000104,A009270,KSE
518,20000104,A009290,KSE
519,20000719,A009300,KOSDAQ
520,20000104,A009310,KSE
521,20000104,A009320,KSE
522,20000104,A009330,KSE
523,20000104,A009360,KSE
524,20000104,A009380,KSE
525,20000104,A009410,KSE
526,20000104,A009420,KSE
527,20000104,A009440,KSE
528,20000104,A009450,KSE
529,20000104,A009460,KSE
530,20000104,A009470,KSE
531,20000104,A009520,KOSDAQ
532,20000104,A009540,KSE
533,20000104,A009580,KSE
534,20000104,A009620,KOSDAQ
535,20000104,A009680,KSE
536,20000104,A009690,KSE
537,20000104,A009720,KSE
538,20000104,A009730,KOSDAQ
539,20000104,A009760,KSE
540,20061017,A009770,KSE
541,20000104,A009780,KOSDAQ
542,20000104,A009810,KSE
543,20000104,A009830,KSE
544,20000104,A009840,KSE
545,20000104,A009890,KSE
546,20201207,A009900,KSE
547,20000104,A009940,KSE
548,20000104,A009970,KSE
549,20000104,A010040,KOSDAQ
550,20001016,A010040,KSE
551,20000104,A010050,KSE
552,20000104,A010060,KSE
553,20000104,A010100,KSE
554,20000104,A010110,KSE
555,20000104,A010120,KSE
556,20000104,A010130,KSE
557,20000104,A010140,KSE
558,20000104,A010170,KOSDAQ
559,20000104,A010200,KSE
560,20090512,A010240,KOSDAQ
561,20000414,A010280,KOSDAQ
562,20000104,A010330,KSE
563,20180914,A010400,KSE
564,20000104,A010420,KSE
565,20000104,A010460,KSE
566,20001024,A010470,KOSDAQ
567,20000104,A010510,KSE
568,20000104,A010520,KSE
569,20000104,A010580,KSE
570,20000104,A010600,KSE
571,20000104,A010620,KSE
572,20000104,A010640,KSE
573,20000104,A010660,KSE
574,20000104,A010670,KOSDAQ
575,20000104,A010690,KSE
576,20000104,A010730,KSE
577,20000104,A010770,KSE
578,20000104,A010780,KSE
579,20000104,A010810,KOSDAQ
580,20000104,A010820,KSE
581,20000104,A010950,KSE
582,20020715,A010960,KOSDAQ
583,20050512,A010960,KSE
584,20000104,A011000,KSE
585,20000104,A011020,KSE
586,20000104,A011040,KOSDAQ
587,20000104,A011050,KSE
588,20080724,A011070,KSE
589,20040702,A011080,KOSDAQ
590,20000104,A011090,KSE
591,20000104,A011150,KSE
592,20000104,A011160,KSE
593,20000104,A011170,KSE
594,20000104,A011200,KSE
595,20110221,A011210,KSE
596,20000104,A011230,KSE
597,20000104,A011260,KSE
598,20000104,A011280,KSE
599,20000104,A011290,KSE
600,20000104,A011300,KSE
601,20000104,A011320,KOSDAQ
602,20000104,A011330,KSE
603,20000104,A011370,KOSDAQ
604,20000104,A011390,KSE
605,20000104,A011400,KSE
606,20000104,A011420,KSE
607,20000104,A011450,KSE
608,20030109,A011500,KSE
609,20000104,A011510,KSE
610,20000104,A011560,KOSDAQ
611,20000104,A011650,KSE
612,20000104,A011690,KSE
613,20000104,A011700,KSE
614,20000104,A011720,KSE
615,20000104,A011760,KSE
616,20000104,A011780,KSE
617,20000104,A011790,KSE
618,20000104,A011800,KSE
619,20000104,A011810,KSE
620,20000104,A011840,KSE
621,20000104,A011890,KOSDAQ
622,20000104,A011930,KSE
623,20000104,A012010,KOSDAQ
624,20000104,A012030,KSE
625,20000104,A012090,KSE
626,20100125,A012160,KSE
627,20000104,A012170,KSE
628,20000104,A012200,KSE
629,20000104,A012250,KSE
630,20000104,A012260,KSE
631,20000104,A012270,KSE
632,20000104,A012280,KSE
633,20000104,A012320,KSE
634,20000104,A012330,KSE
635,20000104,A012340,KOSDAQ
636,20000104,A012400,KSE
637,20000104,A012410,KSE
638,20000104,A012420,KSE
639,20000104,A012450,KSE
640,20000104,A012460,KOSDAQ
641,20000104,A012510,KSE
642,20000104,A012600,KSE
643,20000104,A012610,KSE
644,20000104,A012620,KOSDAQ
645,20000104,A012630,KSE
646,20000104,A012650,KOSDAQ
647,20000104,A012690,KSE
648,20000104,A012700,KOSDAQ
649,20000104,A012710,KSE
650,20000104,A012720,KSE
651,20000104,A012750,KSE
652,20000104,A012790,KOSDAQ
653,20000104,A012800,KSE
654,20000104,A012860,KOSDAQ
655,20010718,A012990,KSE
656,20000104,A013000,KSE
657,20000104,A013030,KOSDAQ
658,20000104,A013120,KOSDAQ
659,20000104,A013200,KSE
660,20000104,A013240,KSE
661,20000104,A013250,KSE
662,20000104,A013310,KOSDAQ
663,20151222,A013310,KOSDAQ
664,20000104,A013320,KOSDAQ
665,20000104,A013340,KOSDAQ
666,20000104,A013360,KSE
667,20000104,A013450,KOSDAQ
668,20000104,A013520,KSE
669,20000104,A013570,KSE
670,20000104,A013580,KSE
671,20000104,A013630,KOSDAQ
672,20000104,A013650,KOSDAQ
673,20000104,A013700,KSE
674,20000104,A013720,KOSDAQ
675,20000104,A013780,KOSDAQ
676,20000104,A013810,KOSDAQ
677,20000104,A013850,KOSDAQ
678,20121120,A013870,KSE
679,20000104,A013890,KSE
680,20141104,A013890,K-OTC
681,20191030,A013890,KSE
682,20020117,A013990,KOSDAQ
683,20000104,A014010,KSE
684,20000104,A014040,KSE
685,20000104,A014080,KSE
686,20000104,A014090,KOSDAQ
687,20000104,A014100,KOSDAQ
688,20000104,A014130,KSE
689,20000104,A014160,KSE
690,20000104,A014190,KOSDAQ
691,20000104,A014200,KOSDAQ
692,20000104,A014280,KSE
693,20000104,A014300,KSE
694,20000104,A014350,KSE
695,20000104,A014420,KOSDAQ
696,20000104,A014440,KSE
697,20000104,A014470,KOSDAQ
698,20000104,A014530,KSE
699,20001207,A014570,KOSDAQ
700,20000104,A014580,KSE
701,20000104,A014590,KOSDAQ
702,20000106,A014590,KSE
703,20010111,A014620,KOSDAQ
704,20000104,A014680,KSE
705,20120629,A014710,KSE
706,20000104,A014740,KSE
707,20000104,A014790,KSE
708,20000104,A014820,KSE
709,20041203,A014830,KSE
710,20000104,A014900,KSE
711,20000104,A014910,KSE
712,20011226,A014940,KOSDAQ
713,20000104,A014970,KOSDAQ
714,20000104,A014990,KSE
715,20000104,A015020,KSE
716,20000104,A015050,KOSDAQ
717,20000104,A015060,KOSDAQ
718,20000104,A015110,KSE
719,20000824,A015170,KOSDAQ
720,20000104,A015230,KSE
721,20000104,A015260,KSE
722,20000104,A015350,KSE
723,20000104,A015360,KSE
724,20010809,A015390,KOSDAQ
725,20000104,A015540,KSE
726,20000104,A015580,KSE
727,20000104,A015590,KSE
728,20000104,A015620,KSE
729,20000104,A015650,KSE
730,20000104,A015670,KSE
731,20000104,A015710,KOSDAQ
732,20000104,A015750,KOSDAQ
733,20000104,A015760,KSE
734,20000104,A015860,KSE
735,20000104,A015880,KSE
736,20000104,A015890,KSE
737,20000104,A015940,KSE
738,20000104,A016040,KOSDAQ
739,20000104,A016090,KSE
740,20030115,A016100,KOSDAQ
741,20000104,A016140,KOSDAQ
742,20000104,A016160,KSE
743,20010111,A016170,KOSDAQ
744,20000104,A016250,KOSDAQ
745,20000104,A016360,KSE
746,20000104,A016380,KSE
747,20000104,A016390,KSE
748,20000104,A016420,KSE
749,20000104,A016450,KOSDAQ
750,20000106,A016450,KSE
751,20000104,A016510,KSE
752,20000104,A016550,KSE
753,20000104,A016560,KSE
754,20000104,A016570,KSE
755,20000104,A016580,KSE
756,20000104,A016590,KSE
757,20000104,A016600,KOSDAQ
758,20000104,A016610,KSE
759,20000104,A016670,KOSDAQ
760,20000104,A016710,KSE
761,20160729,A016740,KSE
762,20180601,A016790,KOSDAQ
763,20000104,A016800,KSE
764,20000104,A016830,KSE
765,20000104,A016880,KSE
766,20000104,A016890,KOSDAQ
767,20000104,A016920,KOSDAQ
768,20000104,A016970,KSE
769,20001221,A016990,KOSDAQ
770,20000104,A017000,KOSDAQ
771,20030128,A017010,KOSDAQ
772,20000104,A017040,KSE
773,20000104,A017050,KOSDAQ
774,20000104,A017090,KOSDAQ
775,20000104,A017120,KSE
776,20000104,A017160,KOSDAQ
777,20000104,A017170,KSE
778,20080710,A017180,KSE
779,20000104,A017210,KOSDAQ
780,20000104,A017250,KOSDAQ
781,20000104,A017300,KSE
782,20000104,A017320,KSE
783,20010809,A017370,KOSDAQ
784,20020528,A017370,KSE
785,20000104,A017390,KSE
786,20010109,A017480,KOSDAQ
787,20000104,A017510,KOSDAQ
788,20000104,A017550,KSE
789,20000104,A017620,KOSDAQ
790,20000104,A017650,KOSDAQ
791,20000104,A017670,KSE
792,20000104,A017680,KOSDAQ
793,20000104,A017740,KOSDAQ
794,20000104,A017800,KSE
795,20000104,A017810,KSE
796,20000104,A017890,KOSDAQ
797,20000104,A017900,KSE
798,20000104,A017940,KSE
799,20000104,A017960,KSE
800,20000104,A018000,KOSDAQ
801,20000104,A018020,KSE
802,20000104,A018120,KOSDAQ
803,20000104,A018180,KOSDAQ
804,20180322,A018250,KSE
805,20141104,A018260,K-OTC
806,20141114,A018260,KSE
807,20000104,A018290,KOSDAQ
808,20000104,A018310,KOSDAQ
809,20000104,A018410,KSE
810,20000104,A018470,KSE
811,20000104,A018500,KSE
812,20000104,A018550,KSE
813,20000104,A018570,KSE
814,20000104,A018590,KSE
815,20080520,A018620,KOSDAQ
816,20000104,A018670,KSE
817,20000818,A018680,KOSDAQ
818,20000104,A018700,KOSDAQ
819,20000104,A018720,KOSDAQ
820,20000104,A018880,KSE
821,20000104,A018890,KOSDAQ
822,20000104,A019010,KOSDAQ
823,20000104,A019120,KOSDAQ
824,20000104,A019170,KSE
825,20000104,A019180,KSE
826,20000104,A019210,KOSDAQ
827,20000104,A019260,KOSDAQ
828,20000104,A019300,KSE
829,20000104,A019430,KOSDAQ
830,20110601,A019440,KSE
831,20000104,A019490,KSE
832,20000104,A019540,KOSDAQ
833,20000104,A019550,KOSDAQ
834,20000104,A019560,KOSDAQ
835,20000104,A019570,KOSDAQ
836,20000104,A019590,KOSDAQ
837,20000104,A019640,KOSDAQ
838,20000104,A019660,KOSDAQ
839,20040203,A019680,KSE
840,20110624,A019770,KOSDAQ
841,20000104,A019930,KSE
842,20060201,A019990,KOSDAQ
843,20000104,A020000,KSE
844,20000104,A020070,KOSDAQ
845,20000104,A020120,KSE
846,20110304,A020150,KSE
847,20000104,A020180,KOSDAQ
848,20000104,A020400,KOSDAQ
849,20000104,A020490,KOSDAQ
850,20000104,A020560,KOSDAQ
851,20080328,A020560,KSE
852,20000104,A020710,KOSDAQ
853,20020109,A020760,KSE
854,20000104,A020860,KOSDAQ
855,20000104,A021040,KOSDAQ
856,20000104,A021050,KSE
857,20000615,A021060,KOSDAQ
858,20000104,A021080,KOSDAQ
859,20000104,A021090,KOSDAQ
860,20000104,A021240,KOSDAQ
861,20010807,A021240,KSE
862,20010821,A021320,KOSDAQ
863,20000104,A021570,KOSDAQ
864,20030124,A021650,KOSDAQ
865,20000104,A021740,KOSDAQ
866,20000104,A021820,KSE
867,20000104,A021880,KOSDAQ
868,20000104,A021930,KOSDAQ
869,20000104,A021960,KSE
870,20000104,A022060,KOSDAQ
871,20001128,A022100,KOSDAQ
872,20000104,A022220,KOSDAQ
873,20060411,A022220,KOSDAQ
874,20000104,A022510,KOSDAQ
875,20010913,A022520,KOSDAQ
876,20110719,A022520,KSE
877,20000104,A022610,KOSDAQ
878,20000104,A022770,KOSDAQ
879,20000104,A022780,KOSDAQ
880,20000104,A022870,KOSDAQ
881,20110722,A023000,KSE
882,20000720,A023020,KOSDAQ
883,20000104,A023130,KSE
884,20000104,A023150,KSE
885,20000104,A023160,KOSDAQ
886,20110428,A023350,KSE
887,20000104,A023410,KOSDAQ
888,20000104,A023420,KOSDAQ
889,20000104,A023430,KOSDAQ
890,20000104,A023440,KOSDAQ
891,20000104,A023450,KSE
892,20000104,A023460,KOSDAQ
893,20060209,A023530,KSE
894,20000104,A023590,KSE
895,20000104,A023600,KOSDAQ
896,20010111,A023670,KOSDAQ
897,20000104,A023760,KOSDAQ
898,20000104,A023770,KOSDAQ
899,20000104,A023780,KOSDAQ
900,20000104,A023790,KOSDAQ
901,20000104,A023800,KSE
902,20000104,A023810,KOSDAQ
903,20040921,A023810,KSE
904,20000104,A023890,KOSDAQ
905,20000104,A023900,KOSDAQ
906,20000104,A023910,KOSDAQ
907,20000104,A023960,KSE
908,20000104,A024060,KOSDAQ
909,20000104,A024070,KSE
910,20000104,A024080,KOSDAQ
911,20000104,A024090,KSE
912,20000104,A024100,KSE
913,20000104,A024110,KOSDAQ
914,20031224,A024110,KSE
915,20000104,A024120,KOSDAQ
916,20000104,A024660,KOSDAQ
917,20000104,A024720,KOSDAQ
918,20020409,A024720,KSE
919,20000104,A024740,KOSDAQ
920,20000104,A024800,KOSDAQ
921,20000104,A024810,KOSDAQ
922,20000104,A024830,KOSDAQ
923,20000104,A024840,KOSDAQ
924,20010118,A024850,KOSDAQ
925,20000104,A024870,KSE
926,20000104,A024880,KOSDAQ
927,20000104,A024890,KSE
928,20000104,A024900,KSE
929,20000104,A024910,KOSDAQ
930,20000104,A024940,KOSDAQ
931,20000104,A024950,KOSDAQ
932,20000104,A024960,KSE
933,20000104,A025000,KSE
934,20000104,A025080,KOSDAQ
935,20000104,A025150,KOSDAQ
936,20000104,A025270,KOSDAQ
937,20000104,A025320,KOSDAQ
938,20000504,A025340,KOSDAQ
939,20000104,A025440,KOSDAQ
940,20000104,A025450,KOSDAQ
941,20030129,A025460,KOSDAQ
942,20000104,A025530,KSE
943,20000104,A025540,KSE
944,20000104,A025550,KOSDAQ
945,20000104,A025560,KSE
946,20000104,A025610,KSE
947,20000104,A025620,KSE
948,20000104,A025690,KOSDAQ
949,20031104,A025750,KSE
950,20000104,A025770,KOSDAQ
951,20000104,A025820,KSE
952,20000104,A025830,KSE
953,20000104,A025840,KSE
954,20000104,A025850,KSE
955,20000104,A025860,KSE
956,20000104,A025870,KOSDAQ
957,20000104,A025880,KOSDAQ
958,20000104,A025890,KSE
959,20000104,A025900,KOSDAQ
960,20000104,A025920,KOSDAQ
961,20000104,A025930,KSE
962,20000104,A025950,KOSDAQ
963,20000104,A025970,KOSDAQ
964,20000104,A025980,KOSDAQ
965,20000104,A026040,KOSDAQ
966,20000104,A026150,KOSDAQ
967,20000808,A026180,KOSDAQ
968,20000104,A026220,KOSDAQ
969,20000104,A026230,KOSDAQ
970,20000104,A026240,KOSDAQ
971,20000104,A026250,KOSDAQ
972,20000104,A026260,KOSDAQ
973,20000620,A026540,KOSDAQ
974,20000104,A026870,KSE
975,20000104,A026890,KSE
976,20000104,A026910,KOSDAQ
977,20000104,A026940,KOSDAQ
978,20081014,A026940,KSE
979,20000104,A026960,KOSDAQ
980,20160715,A026960,KSE
981,20000104,A027040,KOSDAQ
982,20000104,A027050,KOSDAQ
983,20000104,A027350,KOSDAQ
984,20181121,A027360,KOSDAQ
985,20000104,A027390,KSE
986,20140519,A027410,KSE
987,20000104,A027440,KOSDAQ
988,20000104,A027460,KSE
989,20010111,A027560,KOSDAQ
990,20071001,A027580,KOSDAQ
991,20000104,A027610,KOSDAQ
992,20000104,A027710,KOSDAQ
993,20001207,A027740,KOSDAQ
994,20021029,A027740,KSE
995,20000104,A027830,KOSDAQ
996,20000104,A027840,KSE
997,20000104,A027890,KOSDAQ
998,20000104,A027970,KSE
999,20000104,A028040,KOSDAQ
1000,20000104,A028050,KSE
1001,20000104,A028080,KOSDAQ
1002,20000104,A028090,KOSDAQ
1003,20090612,A028100,KSE
1004,20000120,A028150,KOSDAQ
1005,20141218,A028260,KSE
1006,20000104,A028300,KOSDAQ
1007,20070921,A028670,KSE
1008,20000104,A029460,KSE
1009,20000104,A029480,KOSDAQ
1010,20000104,A029530,KSE
1011,20070627,A029780,KSE
1012,20040618,A029960,KOSDAQ
1013,20000104,A030000,KSE
1014,20011204,A030030,KOSDAQ
1015,20000516,A030190,KOSDAQ
1016,20000104,A030200,KSE
1017,20000104,A030210,KSE
1018,20000104,A030270,KOSDAQ
1019,20000104,A030350,KOSDAQ
1020,20000104,A030390,KOSDAQ
1021,20000104,A030420,KOSDAQ
1022,20000104,A030520,KOSDAQ
1023,20000104,A030530,KOSDAQ
1024,20000104,A030610,KOSDAQ
1025,20020718,A030610,KSE
1026,20000104,A030700,KOSDAQ
1027,20000104,A030710,KSE
1028,20000104,A030720,KSE
1029,20001226,A030790,KOSDAQ
1030,20101102,A030790,KSE
1031,20000104,A030960,KOSDAQ
1032,20000104,A030970,KOSDAQ
1033,20000704,A031150,KOSDAQ
1034,20000104,A031310,KOSDAQ
1035,20000523,A031330,KOSDAQ
1036,20000104,A031390,KOSDAQ
1037,20110714,A031430,KSE
1038,20010731,A031440,KOSDAQ
1039,20100429,A031440,KSE
1040,20000104,A031510,KOSDAQ
1041,20000104,A031800,KOSDAQ
1042,20000104,A031820,KSE
1043,20000104,A031860,KOSDAQ
1044,20000104,A031920,KOSDAQ
1045,20000104,A031950,KOSDAQ
1046,20000104,A031960,KOSDAQ
1047,20000104,A031970,KOSDAQ
1048,20000104,A031980,KOSDAQ
1049,20000104,A031990,KOSDAQ
1050,20000104,A032030,KOSDAQ
1051,20000104,A032050,KOSDAQ
1052,20001026,A032080,KOSDAQ
1053,20000104,A032150,KOSDAQ
1054,20000418,A032180,KOSDAQ
1055,20000104,A032190,KOSDAQ
1056,20000104,A032280,KOSDAQ
1057,20000104,A032290,KOSDAQ
1058,20200810,A032300,KOSDAQ
1059,20060608,A032350,KSE
1060,20000104,A032380,KOSDAQ
1061,20000104,A032390,KOSDAQ
1062,20040429,A032390,KSE
1063,20000104,A032420,KOSDAQ
1064,20000321,A032500,KOSDAQ
1065,20000104,A032540,KOSDAQ
1066,20000104,A032560,KOSDAQ
1067,20091029,A032560,KSE
1068,20000104,A032570,KOSDAQ
1069,20000104,A032580,KOSDAQ
1070,20000104,A032590,KOSDAQ
1071,20000104,A032600,KOSDAQ
1072,20000104,A032610,KOSDAQ
1073,20000104,A032620,KOSDAQ
1074,20000921,A032640,KOSDAQ
1075,20080421,A032640,KSE
1076,20000104,A032680,KOSDAQ
1077,20020422,A032710,KSE
1078,20000104,A032750,KOSDAQ
1079,20000104,A032780,KOSDAQ
1080,20000104,A032790,KOSDAQ
1081,20000104,A032800,KOSDAQ
1082,20000622,A032820,KOSDAQ
1083,20100512,A032830,KSE
1084,20000104,A032850,KOSDAQ
1085,20000104,A032860,KOSDAQ
1086,20000104,A032930,KOSDAQ
1087,20000104,A032940,KOSDAQ
1088,20000104,A032960,KOSDAQ
1089,20000104,A032980,KOSDAQ
1090,20010510,A033020,KOSDAQ
1091,20000104,A033040,KOSDAQ
1092,20000104,A033050,KOSDAQ
1093,20000104,A033070,KOSDAQ
1094,20000104,A033100,KOSDAQ
1095,20000104,A033110,KOSDAQ
1096,20000104,A033130,KOSDAQ
1097,20000104,A033160,KOSDAQ
1098,20101126,A033170,KOSDAQ
1099,20000104,A033180,KOSDAQ
1100,20011226,A033180,KSE
1101,20000104,A033190,KOSDAQ
1102,20000104,A033200,KOSDAQ
1103,20000104,A033210,KOSDAQ
1104,20000104,A033220,KOSDAQ
1105,20000104,A033230,KOSDAQ
1106,20000104,A033240,KSE
1107,20000104,A033250,KSE
1108,20010201,A033260,KOSDAQ
1109,20000104,A033270,KOSDAQ
1110,20071023,A033270,KSE
1111,20000104,A033280,KOSDAQ
1112,20000104,A033290,KOSDAQ
1113,20000104,A033300,KOSDAQ
1114,20000104,A033310,KOSDAQ
1115,20000104,A033320,KOSDAQ
1116,20000104,A033330,KOSDAQ
1117,20000104,A033340,KOSDAQ
1118,20000104,A033430,KOSDAQ
1119,20000104,A033500,KOSDAQ
1120,20000104,A033530,KOSDAQ
1121,20020925,A033530,KSE
1122,20000104,A033540,KOSDAQ
1123,20110126,A033560,KOSDAQ
1124,20001121,A033600,KOSDAQ
1125,20000104,A033630,KOSDAQ
1126,20000104,A033640,KOSDAQ
1127,20090625,A033660,KSE
1128,20000627,A033720,KOSDAQ
1129,20000104,A033780,KSE
1130,20010626,A033790,KOSDAQ
1131,20101129,A033830,KOSDAQ
1132,20000104,A033850,KOSDAQ
1133,20000104,A033880,KOSDAQ
1134,20000104,A033920,KOSDAQ
1135,20100720,A033920,KSE
1136,20000427,A034010,KOSDAQ
1137,20001025,A034020,KSE
1138,20000104,A034120,KOSDAQ
1139,20030625,A034120,KSE
1140,20040723,A034220,KSE
1141,20021024,A034230,KOSDAQ
1142,20000104,A034300,KOSDAQ
1143,20020617,A034300,KSE
1144,20040204,A034310,KSE
1145,20000414,A034510,KOSDAQ
1146,20061107,A034590,KSE
1147,20000104,A034600,KOSDAQ
1148,20000104,A034660,KOSDAQ
1149,20091111,A034730,KSE
1150,20000104,A034750,KOSDAQ
1151,20000104,A034810,KOSDAQ
1152,20010522,A034830,KOSDAQ
1153,20160711,A034830,KSE
1154,20000104,A034940,KOSDAQ
1155,20020207,A034950,KOSDAQ
1156,20000104,A034970,KOSDAQ
1157,20000713,A034980,KOSDAQ
1158,20000104,A035000,KSE
1159,20000104,A035010,KOSDAQ
1160,20000104,A035080,KOSDAQ
1161,20000104,A035150,KSE
1162,20020115,A035200,KOSDAQ
1163,20000104,A035210,KOSDAQ
1164,20011025,A035250,KOSDAQ
1165,20030904,A035250,KSE
1166,20000104,A035270,KOSDAQ
1167,20000104,A035290,KOSDAQ
1168,20000104,A035400,KOSDAQ
1169,20021024,A035420,KOSDAQ
1170,20081128,A035420,KSE
1171,20000104,A035450,KOSDAQ
1172,20000104,A035460,KOSDAQ
1173,20000104,A035480,KOSDAQ
1174,20000104,A035500,KOSDAQ
1175,20001116,A035510,KOSDAQ
1176,20060518,A035510,KSE
1177,20021122,A035600,KOSDAQ
1178,20000104,A035610,KOSDAQ
1179,20000104,A035620,KOSDAQ
1180,20000104,A035710,KOSDAQ
1181,20000104,A035720,KOSDAQ
1182,20170710,A035720,KSE
1183,20000104,A035760,KOSDAQ
1184,20000113,A035780,KOSDAQ
1185,20000104,A035810,KOSDAQ
1186,20000104,A035830,KOSDAQ
1187,20000627,A035870,KOSDAQ
1188,20000104,A035890,KOSDAQ
1189,20010830,A035900,KOSDAQ
1190,20000104,A035910,KOSDAQ
1191,20000104,A035950,KOSDAQ
1192,20000104,A035960,KOSDAQ
1193,20000104,A036000,KOSDAQ
1194,20020703,A036010,KOSDAQ
1195,20000104,A036020,KOSDAQ
1196,20000104,A036030,KOSDAQ
1197,20000104,A036090,KOSDAQ
1198,20000104,A036120,KOSDAQ
1199,20000104,A036170,KOSDAQ
1200,20000104,A036180,KOSDAQ
1201,20001226,A036190,KOSDAQ
1202,20000104,A036200,KOSDAQ
1203,20000104,A036210,KOSDAQ
1204,20000104,A036260,KOSDAQ
1205,20000120,A036270,KOSDAQ
1206,20000104,A036280,KOSDAQ
1207,20010118,A036360,KOSDAQ
1208,20000323,A036420,KOSDAQ
1209,20191018,A036420,KSE
1210,20000104,A036460,KSE
1211,20000404,A036480,KOSDAQ
1212,20000104,A036490,KOSDAQ
1213,20000104,A036500,KOSDAQ
1214,20000307,A036530,KOSDAQ
1215,20021022,A036530,KSE
1216,20010502,A036540,KOSDAQ
1217,20030107,A036550,KOSDAQ
1218,20000104,A036560,KOSDAQ
1219,20000711,A036570,KOSDAQ
1220,20030522,A036570,KSE
1221,20000104,A036580,KSE
1222,20010510,A036590,KOSDAQ
1223,20000111,A036600,KOSDAQ
1224,20000104,A036610,KOSDAQ
1225,20000111,A036620,KOSDAQ
1226,20000104,A036630,KOSDAQ
1227,20000530,A036640,KOSDAQ
1228,20000615,A036660,KOSDAQ
1229,20010103,A036670,KOSDAQ
1230,20000118,A036690,KOSDAQ
1231,20000104,A036710,KOSDAQ
1232,20011108,A036720,KOSDAQ
1233,20000104,A036760,KOSDAQ
1234,20000104,A036790,KOSDAQ
1235,20000503,A036800,KOSDAQ
1236,20000118,A036810,KOSDAQ
1237,20000104,A036820,KOSDAQ
1238,20000118,A036830,KOSDAQ
1239,20000104,A036850,KOSDAQ
1240,20000104,A036880,KOSDAQ
1241,20000720,A036890,KOSDAQ
1242,20000111,A036900,KOSDAQ
1243,20000104,A036910,KOSDAQ
1244,20000104,A036920,KOSDAQ
1245,20000104,A036930,KOSDAQ
1246,20000104,A037010,KOSDAQ
1247,20000104,A037020,KOSDAQ
1248,20000104,A037030,KOSDAQ
1249,20150424,A037030,K-OTC
1250,20180607,A037030,KOSDAQ
1251,20010814,A037060,KOSDAQ
1252,20000104,A037070,KOSDAQ
1253,20000711,A037110,KOSDAQ
1254,20000104,A037120,KOSDAQ
1255,20000104,A037150,KOSDAQ
1256,20000104,A037200,KOSDAQ
1257,20000104,A037220,KOSDAQ
1258,20000104,A037230,KOSDAQ
1259,20000104,A037240,KOSDAQ
1260,20000104,A037250,KOSDAQ
1261,20030801,A037270,KSE
1262,20000229,A037280,KOSDAQ
1263,20020917,A037320,KOSDAQ
1264,20000104,A037330,KOSDAQ
1265,20000111,A037350,KOSDAQ
1266,20000111,A037370,KOSDAQ
1267,20000127,A037380,KOSDAQ
1268,20000104,A037400,KOSDAQ
1269,20000104,A037410,KOSDAQ
1270,20000203,A037440,KOSDAQ
1271,20000104,A037460,KOSDAQ
1272,20000104,A037540,KOSDAQ
1273,20020117,A037550,KOSDAQ
1274,20121109,A037560,KSE
1275,20000104,A037600,KOSDAQ
1276,20060215,A037620,KSE
1277,20000104,A037630,KOSDAQ
1278,20000104,A037650,KOSDAQ
1279,20000104,A037700,KOSDAQ
1280,20020207,A037710,KSE
1281,20000725,A037730,KOSDAQ
1282,20000303,A037740,KOSDAQ
1283,20001109,A037750,KOSDAQ
1284,20000407,A037760,KOSDAQ
1285,20020205,A037830,KOSDAQ
1286,20000824,A037950,KOSDAQ
1287,20000111,A038010,KOSDAQ
1288,20020110,A038050,KOSDAQ
1289,20060808,A038060,KOSDAQ
1290,20051025,A038070,KOSDAQ
1291,20000113,A038100,KOSDAQ
1292,20000323,A038110,KOSDAQ
1293,20000824,A038120,KOSDAQ
1294,20150424,A038160,K-OTC
1295,20160801,A038160,KOSDAQ
1296,20000222,A038290,KOSDAQ
1297,20020423,A038320,KOSDAQ
1298,20011122,A038340,KOSDAQ
1299,20000201,A038390,KOSDAQ
1300,20011221,A038400,KSE
1301,20060725,A038410,KOSDAQ
1302,20000622,A038460,KOSDAQ
1303,20010201,A038500,KOSDAQ
1304,20000609,A038530,KOSDAQ
1305,20000818,A038540,KOSDAQ
1306,20000504,A038620,KOSDAQ
1307,20000427,A038680,KOSDAQ
1308,20000629,A038690,KOSDAQ
1309,20010118,A038720,KOSDAQ
1310,20000509,A038810,KOSDAQ
1311,20000831,A038830,KOSDAQ
1312,20010529,A038870,KOSDAQ
1313,20000427,A038880,KOSDAQ
1314,20000706,A038920,KOSDAQ
1315,20000504,A038950,KOSDAQ
1316,20010515,A038960,KOSDAQ
1317,20000704,A038980,KOSDAQ
1318,20020131,A039000,KOSDAQ
1319,20000720,A039010,KOSDAQ
1320,20000504,A039020,KOSDAQ
1321,20000824,A039030,KOSDAQ
1322,20000321,A039040,KOSDAQ
1323,20010619,A039060,KOSDAQ
1324,20001128,A039130,KOSDAQ
1325,20111101,A039130,KSE
1326,20070117,A039200,KOSDAQ
1327,20000622,A039230,KOSDAQ
1328,20000307,A039240,KOSDAQ
1329,20060704,A039290,KOSDAQ
1330,20000609,A039310,KOSDAQ
1331,20040730,A039340,KOSDAQ
1332,20001207,A039350,KOSDAQ
1333,20000725,A039390,KOSDAQ
1334,20020312,A039420,KOSDAQ
1335,20020228,A039440,KOSDAQ
1336,20040423,A039490,KOSDAQ
1337,20090803,A039490,KSE
1338,20000316,A039500,KOSDAQ
1339,20000321,A039530,KOSDAQ
1340,20000622,A039560,KOSDAQ
1341,20150924,A039570,KSE
1342,20000706,A039580,KOSDAQ
1343,20000316,A039610,KOSDAQ
1344,20040116,A039670,KOSDAQ
1345,20000706,A039740,KOSDAQ
1346,20000725,A039790,KOSDAQ
1347,20010103,A039830,KOSDAQ
1348,20000629,A039840,KOSDAQ
1349,20000711,A039850,KOSDAQ
1350,20000816,A039860,KOSDAQ
1351,20000818,A039870,KOSDAQ
1352,20020812,A039980,KOSDAQ
1353,20000613,A039990,KOSDAQ
1354,20000713,A040020,KOSDAQ
1355,20000503,A040130,KOSDAQ
1356,20000829,A040160,KOSDAQ
1357,20000720,A040180,KOSDAQ
1358,20010904,A040300,KOSDAQ
1359,20020110,A040350,KOSDAQ
1360,20000801,A040420,KOSDAQ
1361,20000427,A040610,KOSDAQ
1362,20000818,A040670,KOSDAQ
1363,20040128,A040740,KOSDAQ
1364,20001205,A040750,KOSDAQ
1365,20000627,A040780,KOSDAQ
1366,20110805,A040910,KOSDAQ
1367,20051028,A041020,KOSDAQ
1368,20000530,A041030,KOSDAQ
1369,20000607,A041060,KOSDAQ
1370,20000725,A041140,KOSDAQ
1371,20000609,A041190,KOSDAQ
1372,20000509,A041310,KOSDAQ
1373,20000808,A041320,KOSDAQ
1374,20031114,A041440,KOSDAQ
1375,20000720,A041450,KOSDAQ
1376,20101119,A041460,KOSDAQ
1377,20000427,A041510,KOSDAQ
1378,20030704,A041520,KOSDAQ
1379,20000711,A041550,KOSDAQ
1380,20021024,A041590,KOSDAQ
1381,20020115,A041630,KOSDAQ
1382,20011115,A041650,KOSDAQ
1383,20041027,A041650,KSE
1384,20011213,A041800,KOSDAQ
1385,20001214,A041830,KOSDAQ
1386,20040206,A041910,KOSDAQ
1387,20130701,A041920,KONEX
1388,20141007,A041920,KOSDAQ
1389,20011226,A041930,KOSDAQ
1390,20010724,A041940,KOSDAQ
1391,20011030,A041960,KOSDAQ
1392,20141104,A042000,K-OTC
1393,20180208,A042000,KOSDAQ
1394,20030107,A042040,KOSDAQ
1395,20020726,A042100,KSE
1396,20000713,A042110,KOSDAQ
1397,20000622,A042340,KOSDAQ
1398,20000803,A042370,KOSDAQ
1399,20000627,A042420,KOSDAQ
1400,20000719,A042470,KOSDAQ
1401,20020110,A042500,KOSDAQ
1402,20010103,A042510,KOSDAQ
1403,20091009,A042520,KOSDAQ
1404,20001019,A042570,KOSDAQ
1405,20021001,A042600,KOSDAQ
1406,20010202,A042660,KSE
1407,20010202,A042670,KSE
1408,20050722,A042700,KSE
1409,20000711,A042820,KOSDAQ
1410,20000627,A042870,KOSDAQ
1411,20001019,A042940,KOSDAQ
1412,20000711,A042960,KOSDAQ
1413,20011011,A043090,KOSDAQ
1414,20000808,A043100,KOSDAQ
1415,20060929,A043150,KOSDAQ
1416,20000719,A043200,KOSDAQ
1417,20010703,A043220,KOSDAQ
1418,20011129,A043260,KOSDAQ
1419,20111025,A043290,KOSDAQ
1420,20000829,A043340,KOSDAQ
1421,20010720,A043360,KOSDAQ
1422,20011213,A043370,KOSDAQ
1423,20010802,A043580,KOSDAQ
1424,20011220,A043590,KOSDAQ
1425,20000720,A043610,KOSDAQ
1426,20000704,A043630,KOSDAQ
1427,20000824,A043650,KOSDAQ
1428,20000727,A043680,KOSDAQ
1429,20010628,A043690,KOSDAQ
1430,20020711,A043710,KOSDAQ
1431,20000615,A043790,KOSDAQ
1432,20000810,A043890,KOSDAQ
1433,20051118,A043910,KOSDAQ
1434,20010118,A044060,KOSDAQ
1435,20041119,A044070,KOSDAQ
1436,20001116,A044180,KOSDAQ
1437,20001024,A044340,KOSDAQ
1438,20000713,A044370,KOSDAQ
1439,20061115,A044380,KSE
1440,20000803,A044440,KOSDAQ
1441,20071026,A044450,KSE
1442,20010111,A044480,KOSDAQ
1443,20011108,A044490,KOSDAQ
1444,20011228,A044570,KOSDAQ
1445,20010111,A044640,KOSDAQ
1446,20000629,A044770,KOSDAQ
1447,20000907,A044780,KOSDAQ
1448,20020207,A044820,KOSDAQ
1449,20061113,A044820,KSE
1450,20001116,A044960,KOSDAQ
1451,20010802,A045050,KOSDAQ
1452,20000810,A045060,KOSDAQ
1453,20000831,A045100,KOSDAQ
1454,20010807,A045240,KOSDAQ
1455,20011108,A045260,KOSDAQ
1456,20040106,A045290,KOSDAQ
1457,20011218,A045300,KOSDAQ
1458,20020110,A045310,KOSDAQ
1459,20020715,A045340,KOSDAQ
1460,20001207,A045380,KOSDAQ
1461,20010517,A045390,KOSDAQ
1462,20010817,A045400,KOSDAQ
1463,20000727,A045470,KOSDAQ
1464,20000907,A045510,KOSDAQ
1465,20001205,A045520,KOSDAQ
1466,20010524,A045660,KOSDAQ
1467,20060703,A045710,KSE
1468,20081127,A045820,KSE
1469,20020207,A045880,KOSDAQ
1470,20051128,A045890,KOSDAQ
1471,20001006,A045920,KOSDAQ
1472,20000803,A045970,KOSDAQ
1473,20010111,A046000,KOSDAQ
1474,20001226,A046070,KOSDAQ
1475,20060120,A046110,KOSDAQ
1476,20100615,A046120,KOSDAQ
1477,20030205,A046140,KOSDAQ
1478,20000816,A046210,KOSDAQ
1479,20001107,A046240,KOSDAQ
1480,20020205,A046310,KOSDAQ
1481,20010410,A046320,KOSDAQ
1482,20000824,A046350,KOSDAQ
1483,20010111,A046390,KOSDAQ
1484,20020523,A046430,KOSDAQ
1485,20041214,A046440,KOSDAQ
1486,20021010,A046720,KOSDAQ
1487,20000818,A046810,KOSDAQ
1488,20020117,A046890,KOSDAQ
1489,20000818,A046930,KOSDAQ
1490,20020618,A046940,KOSDAQ
1491,20121127,A046970,KOSDAQ
1492,20010323,A047040,KSE
1493,20010323,A047050,KSE
1494,20000908,A047060,KOSDAQ
1495,20020110,A047080,KOSDAQ
1496,20030725,A047310,KOSDAQ
1497,20010529,A047370,KOSDAQ
1498,20090929,A047400,KSE
1499,20011120,A047440,KOSDAQ
1500,20001123,A047450,KOSDAQ
1501,20080701,A047560,KOSDAQ
1502,20010111,A047600,KOSDAQ
1503,20001212,A047610,KOSDAQ
1504,20010720,A047710,KOSDAQ
1505,20010918,A047770,KOSDAQ
1506,20110630,A047810,KSE
1507,20021224,A047820,KOSDAQ
1508,20141223,A047920,K-OTC
1509,20151221,A047920,KOSDAQ
1510,20010621,A047940,KOSDAQ
1511,20011122,A048130,KOSDAQ
1512,20010426,A048140,KOSDAQ
1513,20021024,A048150,KOSDAQ
1514,20070207,A048260,KOSDAQ
1515,20030124,A048270,KOSDAQ
1516,20020808,A048410,KOSDAQ
1517,20010111,A048430,KOSDAQ
1518,20001214,A048460,KOSDAQ
1519,20020110,A048470,KOSDAQ
1520,20010614,A048510,KOSDAQ
1521,20110126,A048530,KOSDAQ
1522,20010731,A048540,KOSDAQ
1523,20010118,A048550,KOSDAQ
1524,20010109,A048640,KOSDAQ
1525,20001012,A048760,KOSDAQ
1526,20010116,A048770,KOSDAQ
1527,20001012,A048830,KOSDAQ
1528,20040813,A048870,KOSDAQ
1529,20010731,A048910,KOSDAQ
1530,20010103,A049000,KOSDAQ
1531,20020221,A049070,KOSDAQ
1532,20131219,A049080,KOSDAQ
1533,20010726,A049120,KOSDAQ
1534,20020523,A049180,KOSDAQ
1535,20020205,A049370,KOSDAQ
1536,20010116,A049430,KOSDAQ
1537,20011011,A049470,KOSDAQ
1538,20010109,A049480,KOSDAQ
1539,20010802,A049520,KOSDAQ
1540,20020228,A049550,KOSDAQ
1541,20030124,A049630,KOSDAQ
1542,20020108,A049690,KOSDAQ
1543,20020131,A049720,KOSDAQ
1544,20001123,A049770,KSE
1545,20010213,A049790,KOSDAQ
1546,20010726,A049800,KOSDAQ
1547,20060524,A049800,KSE
1548,20010118,A049830,KOSDAQ
1549,20050104,A049950,KOSDAQ
1550,20021213,A049960,KOSDAQ
1551,20001221,A050050,KOSDAQ
1552,20040629,A050090,KOSDAQ
1553,20010517,A050110,KOSDAQ
1554,20020425,A050120,KOSDAQ
1555,20020115,A050320,KOSDAQ
1556,20020423,A050470,KOSDAQ
1557,20051212,A050540,KOSDAQ
1558,20010621,A050600,KOSDAQ
1559,20050805,A050640,KOSDAQ
1560,20020516,A050760,KOSDAQ
1561,20100126,A050860,KOSDAQ
1562,20050708,A050890,KOSDAQ
1563,20161011,A050960,KOSDAQ
1564,20020527,A051160,KOSDAQ
1565,20011023,A051170,KOSDAQ
1566,20071129,A051310,KSE
1567,20041119,A051360,KOSDAQ
1568,20030122,A051370,KOSDAQ
1569,20020215,A051380,KOSDAQ
1570,20011115,A051390,KOSDAQ
1571,20010612,A051490,KOSDAQ
1572,20010726,A051500,KOSDAQ
1573,20010703,A051530,KOSDAQ
1574,20071214,A051600,KSE
1575,20010129,A051630,KSE
1576,20040618,A051710,KOSDAQ
1577,20010626,A051780,KOSDAQ
1578,20051111,A051820,KOSDAQ
1579,20010425,A051900,KSE
1580,20010425,A051910,KSE
1581,20010731,A051980,KOSDAQ
1582,20010705,A052020,KOSDAQ
1583,20010621,A052190,KOSDAQ
1584,20021223,A052210,KOSDAQ
1585,20050121,A052220,KOSDAQ
1586,20010517,A052260,KOSDAQ
1587,20010605,A052270,KOSDAQ
1588,20010531,A052290,KOSDAQ
1589,20010802,A052300,KOSDAQ
1590,20010524,A052310,KOSDAQ
1591,20010710,A052330,KOSDAQ
1592,20010720,A052350,KOSDAQ
1593,20011018,A052400,KOSDAQ
1594,20010807,A052420,KOSDAQ
1595,20050103,A052460,KOSDAQ
1596,20010710,A052560,KOSDAQ
1597,20010710,A052600,KOSDAQ
1598,20010731,A052640,KOSDAQ
1599,20011218,A052650,KOSDAQ
1600,20020124,A052670,KOSDAQ
1601,20091214,A052690,KSE
1602,20030801,A052710,KOSDAQ
1603,20020821,A052770,KOSDAQ
1604,20010814,A052790,KOSDAQ
1605,20011213,A052810,KOSDAQ
1606,20091006,A052860,KOSDAQ
1607,20050118,A052900,KOSDAQ
1608,20020715,A052970,KOSDAQ
1609,20020624,A053000,KSE
1610,20010807,A053030,KOSDAQ
1611,20010809,A053040,KOSDAQ
1612,20011011,A053050,KOSDAQ
1613,20010817,A053060,KOSDAQ
1614,20010807,A053070,KOSDAQ
1615,20200924,A053080,KOSDAQ
1616,20011009,A053110,KOSDAQ
1617,20011030,A053160,KOSDAQ
1618,20020110,A053170,KOSDAQ
1619,20011226,A053200,KOSDAQ
1620,20110603,A053210,KSE
1621,20010720,A053250,KOSDAQ
1622,20020104,A053260,KOSDAQ
1623,20020207,A053270,KOSDAQ
1624,20080507,A053280,KOSDAQ
1625,20021209,A053290,KOSDAQ
1626,20140204,A053300,KOSDAQ
1627,20020104,A053320,KOSDAQ
1628,20011101,A053330,KOSDAQ
1629,20011115,A053350,KOSDAQ
1630,20010821,A053440,KOSDAQ
1631,20010809,A053450,KOSDAQ
1632,20010731,A053470,KOSDAQ
1633,20141223,A053580,K-OTC
1634,20190125,A053580,KOSDAQ
1635,20010823,A053590,KOSDAQ
1636,20010817,A053610,KOSDAQ
1637,20010807,A053620,KOSDAQ
1638,20020215,A053660,KOSDAQ
1639,20090623,A053690,KSE
1640,20011106,A053700,KOSDAQ
1641,20030321,A053740,KOSDAQ
1642,20010913,A053800,KOSDAQ
1643,20020715,A053810,KOSDAQ
1644,20011213,A053870,KOSDAQ
1645,20020507,A053890,KOSDAQ
1646,20011106,A053950,KOSDAQ
1647,20011113,A053960,KOSDAQ
1648,20020409,A053980,KOSDAQ
1649,20011023,A054010,KOSDAQ
1650,20020507,A054020,KOSDAQ
1651,20020115,A054040,KOSDAQ
1652,20020402,A054050,KOSDAQ
1653,20011009,A054080,KOSDAQ
1654,20040206,A054090,KOSDAQ
1655,20020618,A054120,KOSDAQ
1656,20011108,A054150,KOSDAQ
1657,20011011,A054170,KOSDAQ
1658,20011016,A054180,KOSDAQ
1659,20020509,A054210,KOSDAQ
1660,20011226,A054220,KOSDAQ
1661,20011220,A054250,KOSDAQ
1662,20020110,A054300,KOSDAQ
1663,20020110,A054340,KOSDAQ
1664,20011120,A054370,KOSDAQ
1665,20020425,A054410,KOSDAQ
1666,20011122,A054440,KOSDAQ
1667,20041210,A054450,KOSDAQ
1668,20010828,A054530,KOSDAQ
1669,20011115,A054540,KOSDAQ
1670,20011204,A054620,KOSDAQ
1671,20011113,A054630,KOSDAQ
1672,20020110,A054650,KOSDAQ
1673,20020226,A054670,KOSDAQ
1674,20031114,A054780,KOSDAQ
1675,20011206,A054790,KOSDAQ
1676,20010927,A054800,KOSDAQ
1677,20011101,A054920,KOSDAQ
1678,20020115,A054930,KOSDAQ
1679,20011213,A054940,KOSDAQ
1680,20060607,A054950,KOSDAQ
1681,20011218,A055000,KOSDAQ
1682,20011206,A055250,KOSDAQ
1683,20171031,A055490,KSE
1684,20010910,A055550,KSE
1685,20031107,A055810,KOSDAQ
1686,20030801,A055970,KOSDAQ
1687,20030711,A056000,KOSDAQ
1688,20020812,A056010,KOSDAQ
1689,20030704,A056020,KOSDAQ
1690,20020115,A056060,KOSDAQ
1691,20011113,A056080,KOSDAQ
1692,20151112,A056090,KOSDAQ
1693,20011220,A056140,KOSDAQ
1694,20011218,A056190,KOSDAQ
1695,20020129,A056200,KOSDAQ
1696,20021024,A056340,KOSDAQ
1697,20011204,A056360,KOSDAQ
1698,20020604,A056500,KOSDAQ
1699,20011213,A056700,KOSDAQ
1700,20020110,A056710,KOSDAQ
1701,20020104,A056730,KOSDAQ
1702,20020115,A056810,KOSDAQ
1703,20011220,A056850,KOSDAQ
1704,20040608,A057030,KOSDAQ
1705,20100913,A057050,KSE
1706,20021024,A057100,KOSDAQ
1707,20020110,A057110,KOSDAQ
1708,20011220,A057330,KOSDAQ
1709,20011226,A057500,KOSDAQ
1710,20070919,A057540,KOSDAQ
1711,20020618,A057680,KOSDAQ
1712,20031229,A057880,KOSDAQ
1713,20151214,A058110,KOSDAQ
1714,20050805,A058220,KOSDAQ
1715,20020219,A058370,KOSDAQ
1716,20101103,A058400,KOSDAQ
1717,20020110,A058420,KOSDAQ
1718,20020816,A058430,KSE
1719,20020117,A058450,KOSDAQ
1720,20011218,A058470,KOSDAQ
1721,20020115,A058480,KOSDAQ
1722,20020205,A058530,KOSDAQ
1723,20020507,A058550,KOSDAQ
1724,20020715,A058610,KOSDAQ
1725,20081219,A058630,KOSDAQ
1726,20010730,A058650,KSE
1727,20020611,A058680,KOSDAQ
1728,20031229,A058690,KOSDAQ
1729,20040802,A058730,KSE
1730,20010831,A058820,KOSDAQ
1731,20100916,A058850,KSE
1732,20101217,A058860,KSE
1733,20041029,A058900,KOSDAQ
1734,20020115,A059090,KOSDAQ
1735,20081216,A059100,KOSDAQ
1736,20130701,A059120,KONEX
1737,20140724,A059120,KOSDAQ
1738,20080415,A059210,KOSDAQ
1739,20020117,A059720,KOSDAQ
1740,20011109,A060000,KSE
1741,20020614,A060150,KOSDAQ
1742,20020625,A060230,KOSDAQ
1743,20020104,A060240,KOSDAQ
1744,20020108,A060250,KOSDAQ
1745,20020205,A060260,KOSDAQ
1746,20020703,A060280,KOSDAQ
1747,20020110,A060300,KOSDAQ
1748,20020423,A060310,KOSDAQ
1749,20020215,A060370,KOSDAQ
1750,20020205,A060380,KOSDAQ
1751,20020507,A060410,KOSDAQ
1752,20141229,A060480,KOSDAQ
1753,20061128,A060540,KOSDAQ
1754,20020228,A060550,KOSDAQ
1755,20020711,A060560,KOSDAQ
1756,20031219,A060570,KOSDAQ
1757,20020221,A060590,KOSDAQ
1758,20020221,A060660,KOSDAQ
1759,20030617,A060670,KOSDAQ
1760,20020521,A060720,KOSDAQ
1761,20020411,A060750,KOSDAQ
1762,20020207,A060840,KOSDAQ
1763,20200812,A060850,KOSDAQ
1764,20020917,A060900,KOSDAQ
1765,20100519,A060980,KSE
1766,20020516,A061040,KOSDAQ
1767,20030106,A061050,KOSDAQ
1768,20041029,A061140,KOSDAQ
1769,20020418,A061250,KOSDAQ
1770,20020411,A061460,KOSDAQ
1771,20110131,A061970,KOSDAQ
1772,20030523,A062730,KOSDAQ
1773,20060725,A062860,KOSDAQ
1774,20190620,A062970,K-OTC
1775,20191226,A062970,KOSDAQ
1776,20090730,A063080,KOSDAQ
1777,20011211,A063160,KSE
1778,20080701,A063170,KOSDAQ
1779,20060704,A063280,KOSDAQ
1780,20030917,A063350,KSE
1781,20020530,A063440,KOSDAQ
1782,20011224,A063510,KSE
1783,20060714,A063570,KOSDAQ
1784,20150428,A063760,KONEX
1785,20170406,A063760,KOSDAQ
1786,20020730,A064060,KOSDAQ
1787,20021217,A064090,KOSDAQ
1788,20030611,A064240,KOSDAQ
1789,20040723,A064260,KOSDAQ
1790,20110105,A064290,KOSDAQ
1791,20131030,A064350,KSE
1792,20020621,A064420,KSE
1793,20080604,A064480,KOSDAQ
1794,20180315,A064510,KOSDAQ
1795,20021204,A064520,KOSDAQ
1796,20051229,A064550,KOSDAQ
1797,20030704,A064720,KOSDAQ
1798,20030818,A064760,KOSDAQ
1799,20020821,A064800,KOSDAQ
1800,20070529,A064820,KOSDAQ
1801,20020311,A064960,KSE
1802,20020527,A065060,KOSDAQ
1803,20030129,A065130,KOSDAQ
1804,20070718,A065150,KOSDAQ
1805,20020730,A065160,KOSDAQ
1806,20021122,A065170,KOSDAQ
1807,20021023,A065270,KOSDAQ
1808,20020926,A065340,KOSDAQ
1809,20040806,A065350,KOSDAQ
1810,20180402,A065370,KONEX
1811,20200210,A065370,KOSDAQ
1812,20020802,A065410,KOSDAQ
1813,20020821,A065420,KOSDAQ
1814,20030128,A065440,KOSDAQ
1815,20030205,A065450,KOSDAQ
1816,20020919,A065500,KOSDAQ
1817,20031031,A065510,KOSDAQ
1818,20020604,A065530,KOSDAQ
1819,20030701,A065560,KOSDAQ
1820,20030121,A065570,KOSDAQ
1821,20021206,A065610,KOSDAQ
1822,20020627,A065620,KOSDAQ
1823,20030121,A065650,KOSDAQ
1824,20160215,A065660,KOSDAQ
1825,20040102,A065680,KOSDAQ
1826,20020715,A065690,KOSDAQ
1827,20020715,A065710,KOSDAQ
1828,20040604,A065770,KOSDAQ
1829,20030212,A065810,KOSDAQ
1830,20030110,A065910,KOSDAQ
1831,20030107,A065940,KOSDAQ
1832,20030729,A065950,KOSDAQ
1833,20020816,A066060,KOSDAQ
1834,20020715,A066110,KOSDAQ
1835,20030211,A066130,KOSDAQ
1836,20030611,A066200,KOSDAQ
1837,20031107,A066270,KOSDAQ
1838,20020925,A066300,KOSDAQ
1839,20061124,A066310,KOSDAQ
1840,20020517,A066330,KOSDAQ
1841,20030207,A066340,KOSDAQ
1842,20030121,A066350,KOSDAQ
1843,20171204,A066360,KOSDAQ
1844,20031219,A066410,KOSDAQ
1845,20021224,A066430,KOSDAQ
1846,20021024,A066480,KOSDAQ
1847,20020422,A066570,KSE
1848,20030212,A066590,KOSDAQ
1849,20020905,A066620,KOSDAQ
1850,20021230,A066670,KOSDAQ
1851,20081006,A066690,KOSDAQ
1852,20040527,A066700,KOSDAQ
1853,20030530,A066790,KOSDAQ
1854,20030806,A066850,KOSDAQ
1855,20040514,A066900,KOSDAQ
1856,20050107,A066910,KOSDAQ
1857,20030124,A066930,KOSDAQ
1858,20030102,A066970,KOSDAQ
1859,20030117,A066980,KOSDAQ
1860,20080530,A067000,KOSDAQ
1861,20071218,A067010,KOSDAQ
1862,20030214,A067080,KOSDAQ
1863,20031219,A067160,KOSDAQ
1864,20031114,A067170,KOSDAQ
1865,20031027,A067250,KSE
1866,20061116,A067280,KOSDAQ
1867,20030211,A067290,KOSDAQ
1868,20051011,A067310,KOSDAQ
1869,20141224,A067390,KOSDAQ
1870,20131203,A067570,KOSDAQ
1871,20081125,A067630,KOSDAQ
1872,20150729,A067730,KOSDAQ
1873,20040109,A067770,KOSDAQ
1874,20020725,A067830,KSE
1875,20051005,A067850,KOSDAQ
1876,20051223,A067900,KOSDAQ
1877,20100804,A067920,KOSDAQ
1878,20040126,A067950,KOSDAQ
1879,20041203,A067990,KOSDAQ
1880,20060707,A068050,KOSDAQ
1881,20030128,A068060,KOSDAQ
1882,20030721,A068150,KOSDAQ
1883,20100914,A068240,KOSDAQ
1884,20050719,A068270,KOSDAQ
1885,20180209,A068270,KSE
1886,20020805,A068290,KSE
1887,20071226,A068330,KOSDAQ
1888,20120727,A068400,KSE
1889,20051027,A068630,KOSDAQ
1890,20060203,A068760,KOSDAQ
1891,20050520,A068770,KOSDAQ
1892,20041001,A068790,KOSDAQ
1893,20020816,A068870,KSE
1894,20031017,A068930,KOSDAQ
1895,20101019,A068940,KOSDAQ
1896,20030523,A069080,KOSDAQ
1897,20031014,A069110,KOSDAQ
1898,20101026,A069140,KOSDAQ
1899,20021007,A069260,KSE
1900,20030818,A069330,KOSDAQ
1901,20070620,A069410,KOSDAQ
1902,20021111,A069460,KSE
1903,20021111,A069470,KSE
1904,20031114,A069510,KOSDAQ
1905,20040213,A069540,KOSDAQ
1906,20021101,A069620,KSE
1907,20110621,A069640,KSE
1908,20030128,A069730,KSE
1909,20071205,A069920,KOSDAQ
1910,20021125,A069960,KSE
1911,20100609,A070300,KOSDAQ
1912,20040108,A070590,KOSDAQ
1913,20160527,A070960,KSE
1914,20030721,A071050,KSE
1915,20030217,A071090,KSE
1916,20100526,A071200,KOSDAQ
1917,20031114,A071280,KOSDAQ
1918,20100129,A071320,KSE
1919,20031024,A071360,KOSDAQ
1920,20160714,A071460,KOSDAQ
1921,20040217,A071530,KOSDAQ
1922,20051018,A071660,KOSDAQ
1923,20090417,A071670,KOSDAQ
1924,20110629,A071840,KSE
1925,20140527,A071850,KOSDAQ
1926,20040116,A071930,KOSDAQ
1927,20050804,A071950,KSE
1928,20090515,A071970,KSE
1929,20031031,A072020,KOSDAQ
1930,20030701,A072130,KSE
1931,20031028,A072470,KOSDAQ
1932,20041029,A072520,KOSDAQ
1933,20031205,A072530,KOSDAQ
1934,20030730,A072710,KSE
1935,20070725,A072770,KOSDAQ
1936,20041221,A072870,KOSDAQ
1937,20120321,A072950,KOSDAQ
1938,20161017,A072990,KOSDAQ
1939,20041217,A073010,KOSDAQ
1940,20040128,A073070,KOSDAQ
1941,20071012,A073110,KOSDAQ
1942,20050119,A073130,KOSDAQ
1943,20040206,A073190,KOSDAQ
1944,20050217,A073240,KSE
1945,20050204,A073490,KOSDAQ
1946,20070518,A073540,KOSDAQ
1947,20160727,A073560,KOSDAQ
1948,20040106,A073570,KOSDAQ
1949,20040106,A073640,KOSDAQ
1950,20040518,A073780,KOSDAQ
1951,20080326,A073930,KOSDAQ
1952,20050727,A074130,KOSDAQ
1953,20060801,A074140,KOSDAQ
1954,20050708,A074150,KOSDAQ
1955,20040604,A074430,KOSDAQ
1956,20031212,A074600,KOSDAQ
1957,20031223,A074610,KSE
1958,20050610,A075130,KOSDAQ
1959,20051021,A075180,KSE
1960,20151130,A075580,KSE
1961,20040213,A075970,KOSDAQ
1962,20080718,A076080,KOSDAQ
1963,20050726,A076090,KOSDAQ
1964,20040116,A076170,KSE
1965,20131106,A076610,KOSDAQ
1966,20040602,A077280,KOSDAQ
1967,20051014,A077360,KOSDAQ
1968,20040805,A077500,KSE
1969,20041029,A077960,KOSDAQ
1970,20040510,A077970,KSE
1971,20040720,A078000,KSE
1972,20070221,A078020,KOSDAQ
1973,20090123,A078070,KOSDAQ
1974,20041022,A078130,KOSDAQ
1975,20051223,A078140,KOSDAQ
1976,20041208,A078150,KOSDAQ
1977,20050729,A078160,KOSDAQ
1978,20070706,A078340,KOSDAQ
1979,20040514,A078350,KOSDAQ
1980,20050204,A078520,KOSDAQ
1981,20110907,A078520,KSE
1982,20051027,A078590,KOSDAQ
1983,20041210,A078600,KOSDAQ
1984,20050509,A078610,KOSDAQ
1985,20101022,A078650,KOSDAQ
1986,20070727,A078670,KOSDAQ
1987,20041029,A078700,KOSDAQ
1988,20051129,A078780,KOSDAQ
1989,20060627,A078860,KOSDAQ
1990,20050712,A078890,KOSDAQ
1991,20040805,A078930,KSE
1992,20040827,A078940,KOSDAQ
1993,20051115,A079000,KOSDAQ
1994,20041224,A079160,KSE
1995,20050201,A079170,KOSDAQ
1996,20051129,A079190,KOSDAQ
1997,20050719,A079340,KOSDAQ
1998,20060201,A079370,KOSDAQ
1999,20051122,A079430,KSE
2000,20170511,A079440,KSE
2001,20151002,A079550,KSE
2002,20051227,A079560,KOSDAQ
2003,20050121,A079650,KOSDAQ
2004,20040921,A079660,KSE
2005,20050126,A079810,KOSDAQ
2006,20050715,A079870,KOSDAQ
2007,20051019,A079940,KOSDAQ
2008,20050204,A079950,KOSDAQ
2009,20050201,A079960,KOSDAQ
2010,20100601,A079970,KOSDAQ
2011,20120223,A079980,KSE
2012,20050125,A080000,KOSDAQ
2013,20050930,A080010,KOSDAQ
2014,20050527,A080140,KOSDAQ
2015,20050726,A080160,KOSDAQ
2016,20050201,A080220,KOSDAQ
2017,20051206,A080420,KOSDAQ
2018,20050513,A080440,KOSDAQ
2019,20061103,A080470,KOSDAQ
2020,20071008,A080520,KOSDAQ
2021,20100105,A080530,KOSDAQ
2022,20050119,A080570,KOSDAQ
2023,20141224,A080580,KOSDAQ
2024,20180726,A080720,KOSDAQ
2025,20041222,A081000,KSE
2026,20071114,A081090,KOSDAQ
2027,20090423,A081150,KOSDAQ
2028,20080523,A081220,KOSDAQ
2029,20060721,A081500,KOSDAQ
2030,20071012,A081580,KOSDAQ
2031,20100928,A081660,KSE
2032,20070820,A081970,KOSDAQ
2033,20050624,A082210,KOSDAQ
2034,20050624,A082270,KOSDAQ
2035,20050726,A082390,KOSDAQ
2036,20091008,A082640,KSE
2037,20051005,A082660,KOSDAQ
2038,20110104,A082740,KSE
2039,20051118,A082800,KOSDAQ
2040,20050729,A082850,KOSDAQ
2041,20091028,A082920,KOSDAQ
2042,20080425,A082930,KOSDAQ
2043,20051005,A083310,KOSDAQ
2044,20051020,A083420,KSE
2045,20060201,A083450,KOSDAQ
2046,20080918,A083470,KOSDAQ
2047,20170227,A083500,KOSDAQ
2048,20051220,A083550,KOSDAQ
2049,20051227,A083640,KOSDAQ
2050,20051202,A083650,KOSDAQ
2051,20060725,A083660,KOSDAQ
2052,20060106,A083790,KOSDAQ
2053,20051011,A083930,KOSDAQ
2054,20051031,A084010,KSE
2055,20061219,A084110,KOSDAQ
2056,20051216,A084180,KOSDAQ
2057,20060117,A084370,KOSDAQ
2058,20071120,A084450,KOSDAQ
2059,20130701,A084650,KONEX
2060,20141216,A084650,KOSDAQ
2061,20050725,A084670,KSE
2062,20050726,A084680,KSE
2063,20050817,A084690,KSE
2064,20060519,A084730,KOSDAQ
2065,20060627,A084810,KOSDAQ
2066,20191107,A084850,KOSDAQ
2067,20051219,A084870,KSE
2068,20051229,A084990,KOSDAQ
2069,20080124,A085310,KSE
2070,20060704,A085370,KOSDAQ
2071,20141104,A085620,K-OTC
2072,20150708,A085620,KSE
2073,20051227,A085660,KOSDAQ
2074,20060117,A085670,KOSDAQ
2075,20060125,A085680,KOSDAQ
2076,20131206,A085810,KOSDAQ
2077,20071001,A085910,KOSDAQ
2078,20060523,A085990,KOSDAQ
2079,20070921,A086040,KOSDAQ
2080,20060428,A086060,KOSDAQ
2081,20060607,A086200,KOSDAQ
2082,20061110,A086250,KOSDAQ
2083,20051226,A086280,KSE
2084,20061205,A086390,KOSDAQ
2085,20070529,A086450,KOSDAQ
2086,20070720,A086520,KOSDAQ
2087,20071102,A086670,KOSDAQ
2088,20051212,A086790,KSE
2089,20180820,A086820,KOSDAQ
2090,20061227,A086830,KOSDAQ
2091,20090203,A086890,KOSDAQ
2092,20090116,A086900,KOSDAQ
2093,20060926,A086960,KOSDAQ
2094,20060707,A086980,KOSDAQ
2095,20150722,A087010,KOSDAQ
2096,20091027,A087220,KOSDAQ
2097,20170224,A087260,KOSDAQ
2098,20150612,A087600,KOSDAQ
2099,20080404,A087730,KOSDAQ
2100,20061219,A088020,KOSDAQ
2101,20070103,A088130,KOSDAQ
2102,20091201,A088290,KOSDAQ
2103,20100317,A088350,KSE
2104,20061020,A088390,KOSDAQ
2105,20080125,A088700,KOSDAQ
2106,20060328,A088790,KSE
2107,20060327,A088800,KOSDAQ
2108,20060417,A088810,KOSDAQ
2109,20060623,A088910,KOSDAQ
2110,20060630,A088960,KOSDAQ
2111,20070117,A089010,KOSDAQ
2112,20111110,A089030,KOSDAQ
2113,20061101,A089140,KOSDAQ
2114,20061213,A089150,KOSDAQ
2115,20061010,A089230,KOSDAQ
2116,20061222,A089240,KOSDAQ
2117,20060925,A089470,KSE
2118,20060822,A089480,KOSDAQ
2119,20111111,A089530,KOSDAQ
2120,20141104,A089590,K-OTC
2121,20151106,A089590,KSE
2122,20130717,A089600,KOSDAQ
2123,20061027,A089790,KOSDAQ
2124,20100618,A089850,KOSDAQ
2125,20061108,A089890,KOSDAQ
2126,20180823,A089970,KOSDAQ
2127,20110721,A089980,KOSDAQ
2128,20060602,A090080,KSE
2129,20060612,A090090,KOSDAQ
2130,20070522,A090120,KOSDAQ
2131,20061020,A090150,KOSDAQ
2132,20060703,A090350,KSE
2133,20111017,A090360,KOSDAQ
2134,20061226,A090370,KSE
2135,20140801,A090410,KOSDAQ
2136,20060629,A090430,KSE
2137,20070126,A090460,KOSDAQ
2138,20070110,A090470,KOSDAQ
2139,20061205,A090710,KOSDAQ
2140,20081017,A090730,KOSDAQ
2141,20070919,A090740,KOSDAQ
2142,20131227,A090850,KOSDAQ
2143,20060731,A091090,KSE
2144,20070502,A091120,KOSDAQ
2145,20070730,A091340,KOSDAQ
2146,20080201,A091440,KOSDAQ
2147,20070523,A091580,KOSDAQ
2148,20120131,A091590,KOSDAQ
2149,20070704,A091690,KOSDAQ
2150,20061213,A091700,KOSDAQ
2151,20180801,A091810,KSE
2152,20070130,A091970,KOSDAQ
2153,20170728,A091990,KOSDAQ
2154,20130912,A092040,KOSDAQ
2155,20071116,A092070,KOSDAQ
2156,20081024,A092130,KOSDAQ
2157,20190510,A092190,K-OTC
2158,20200306,A092190,KOSDAQ
2159,20071018,A092200,KSE
2160,20061016,A092220,KSE
2161,20061012,A092230,KSE
2162,20071024,A092300,KOSDAQ
2163,20071030,A092440,KSE
2164,20070522,A092460,KOSDAQ
2165,20070626,A092600,KOSDAQ
2166,20070130,A092730,KOSDAQ
2167,20171208,A092780,KSE
2168,20141224,A092870,KONEX
2169,20151022,A092870,KOSDAQ
2170,20061201,A093050,KSE
2171,20070820,A093190,KOSDAQ
2172,20071101,A093230,KSE
2173,20090928,A093240,KSE
2174,20110208,A093320,KOSDAQ
2175,20061222,A093370,KSE
2176,20070601,A093380,KOSDAQ
2177,20070212,A093520,KOSDAQ
2178,20071019,A093640,KOSDAQ
2179,20071220,A093920,KOSDAQ
2180,20150630,A094170,KOSDAQ
2181,20071029,A094190,KOSDAQ
2182,20071025,A094280,KSE
2183,20131029,A094360,KONEX
2184,20150805,A094360,KOSDAQ
2185,20070720,A094480,KOSDAQ
2186,20071106,A094820,KOSDAQ
2187,20080711,A094840,KOSDAQ
2188,20070430,A094850,KOSDAQ
2189,20070416,A094860,KOSDAQ
2190,20070914,A094940,KOSDAQ
2191,20071012,A094970,KOSDAQ
2192,20071029,A095190,KOSDAQ
2193,20070912,A095270,KOSDAQ
2194,20090417,A095300,KOSDAQ
2195,20071001,A095340,KOSDAQ
2196,20071001,A095500,KOSDAQ
2197,20150821,A095570,KSE
2198,20080520,A095610,KOSDAQ
2199,20070702,A095660,KOSDAQ
2200,20090915,A095700,KOSDAQ
2201,20070531,A095720,KSE
2202,20071016,A095910,KOSDAQ
2203,20080125,A096040,KOSDAQ
2204,20080627,A096240,KOSDAQ
2205,20071217,A096350,KOSDAQ
2206,20100910,A096530,KOSDAQ
2207,20071120,A096610,KOSDAQ
2208,20071226,A096630,KOSDAQ
2209,20091218,A096640,KOSDAQ
2210,20101201,A096690,KOSDAQ
2211,20070731,A096760,KSE
2212,20070725,A096770,KSE
2213,20080502,A096870,KOSDAQ
2214,20070831,A097230,KSE
2215,20120725,A097520,KOSDAQ
2216,20080123,A097780,KOSDAQ
2217,20130307,A097800,KOSDAQ
2218,20080408,A097870,KOSDAQ
2219,20070928,A097950,KSE
2220,20080923,A098120,KOSDAQ
2221,20080130,A098400,KOSDAQ
2222,20080603,A098460,KOSDAQ
2223,20090417,A098660,KOSDAQ
2224,20130130,A099190,KOSDAQ
2225,20090519,A099220,KOSDAQ
2226,20080613,A099320,KOSDAQ
2227,20091110,A099410,KOSDAQ
2228,20090526,A099440,KOSDAQ
2229,20091222,A099520,KOSDAQ
2230,20090430,A099660,KOSDAQ
2231,20190322,A099750,KOSDAQ
2232,20110124,A099830,KOSDAQ
2233,20100525,A100030,KOSDAQ
2234,20080801,A100090,KOSDAQ
2235,20090410,A100120,KOSDAQ
2236,20090831,A100130,KOSDAQ
2237,20080630,A100220,KSE
2238,20080215,A100250,KSE
2239,20181214,A100590,KOSDAQ
2240,20111219,A100660,KOSDAQ
2241,20080930,A100700,KOSDAQ
2242,20190315,A100790,KOSDAQ
2243,20080222,A100840,KSE
2244,20091106,A101000,KOSDAQ
2245,20080324,A101060,KSE
2246,20080402,A101140,KSE
2247,20080619,A101160,KOSDAQ
2248,20090428,A101170,KOSDAQ
2249,20111108,A101240,KOSDAQ
2250,20100204,A101330,KOSDAQ
2251,20130701,A101360,KONEX
2252,20200730,A101360,KOSDAQ
2253,20080723,A101390,KOSDAQ
2254,20090331,A101400,KOSDAQ
2255,20090414,A101490,KOSDAQ
2256,20160511,A101530,KSE
2257,20080715,A101670,KOSDAQ
2258,20090519,A101680,KOSDAQ
2259,20090603,A101730,KOSDAQ
2260,20101022,A101930,KOSDAQ
2261,20080609,A101990,KSE
2262,20090605,A102120,KOSDAQ
2263,20090521,A102210,KOSDAQ
2264,20080623,A102260,KSE
2265,20080610,A102280,KSE
2266,20100610,A102460,KSE
2267,20090528,A102710,KOSDAQ
2268,20090407,A102940,KOSDAQ
2269,20100630,A103130,KSE
2270,20080730,A103140,KSE
2271,20080730,A103150,KSE
2272,20080729,A103160,KSE
2273,20090805,A103230,KOSDAQ
2274,20080801,A103590,KSE
2275,20191120,A103840,KOSDAQ
2276,20090123,A104040,KOSDAQ
2277,20080901,A104110,KSE
2278,20080901,A104120,KSE
2279,20091006,A104200,KOSDAQ
2280,20091222,A104460,KOSDAQ
2281,20110426,A104480,KOSDAQ
2282,20130305,A104540,KOSDAQ
2283,20190130,A104620,KOSDAQ
2284,20080929,A104700,KSE
2285,20111228,A104830,KOSDAQ
2286,20100202,A105070,KOSDAQ
2287,20090929,A105330,KOSDAQ
2288,20140711,A105550,KOSDAQ
2289,20081010,A105560,KSE
2290,20090320,A105630,KSE
2291,20101112,A105740,KOSDAQ
2292,20100726,A105840,KSE
2293,20100209,A106080,KOSDAQ
2294,20100728,A106190,KOSDAQ
2295,20090316,A106240,KOSDAQ
2296,20120713,A106520,KOSDAQ
2297,20090302,A107590,KSE
2298,20090310,A108070,KSE
2299,20090915,A108230,KOSDAQ
2300,20100608,A108320,KOSDAQ
2301,20110708,A108380,KOSDAQ
2302,20181026,A108490,KOSDAQ
2303,20090420,A108670,KSE
2304,20140206,A108790,KOSDAQ
2305,20091210,A108860,KOSDAQ
2306,20090317,A109070,KSE
2307,20110712,A109080,KOSDAQ
2308,20151229,A109610,KOSDAQ
2309,20090923,A109740,KOSDAQ
2310,20091106,A109820,KOSDAQ
2311,20090728,A109860,KOSDAQ
2312,20091113,A109960,KOSDAQ
2313,20181214,A110020,KOSDAQ
2314,20090925,A110310,KOSDAQ
2315,20110617,A110500,KOSDAQ
2316,20111014,A110570,KSE
2317,20181001,A110790,KOSDAQ
2318,20180807,A110990,KOSDAQ
2319,20170202,A111110,KSE
2320,20100106,A111610,KOSDAQ
2321,20181129,A111710,KOSDAQ
2322,20090730,A111770,KSE
2323,20100618,A111820,KOSDAQ
2324,20101105,A111870,KOSDAQ
2325,20091218,A112040,KOSDAQ
2326,20111130,A112240,KOSDAQ
2327,20141127,A112610,KSE
2328,20121122,A113810,KOSDAQ
2329,20091119,A114090,KSE
2330,20100721,A114120,KOSDAQ
2331,20091120,A114190,KOSDAQ
2332,20091217,A114410,KSE
2333,20091222,A114450,KOSDAQ
2334,20100204,A114570,KOSDAQ
2335,20100115,A114630,KOSDAQ
2336,20130207,A114810,KOSDAQ
2337,20091116,A115160,KOSDAQ
2338,20160229,A115180,KOSDAQ
2339,20100209,A115310,KOSDAQ
2340,20100128,A115390,KSE
2341,20100127,A115440,KOSDAQ
2342,20100326,A115450,KOSDAQ
2343,20111215,A115480,KOSDAQ
2344,20100414,A115500,KOSDAQ
2345,20111102,A115530,KOSDAQ
2346,20100127,A115570,KOSDAQ
2347,20100226,A115610,KOSDAQ
2348,20151102,A115960,KOSDAQ
2349,20101224,A117580,KSE
2350,20100917,A117670,KOSDAQ
2351,20181129,A117730,KOSDAQ
2352,20091229,A117930,KSE
2353,20091230,A118000,KSE
2354,20170804,A118990,KOSDAQ
2355,20100917,A119500,KOSDAQ
2356,20100728,A119610,KOSDAQ
2357,20100129,A119650,KSE
2358,20101026,A119830,KOSDAQ
2359,20131002,A119850,KOSDAQ
2360,20110124,A119860,KOSDAQ
2361,20100219,A120030,KSE
2362,20100201,A120110,KSE
2363,20101220,A120240,KOSDAQ
2364,20110520,A121440,KOSDAQ
2365,20110209,A121600,KOSDAQ
2366,20111201,A121800,KOSDAQ
2367,20120927,A121850,KOSDAQ
2368,20100716,A121890,KOSDAQ
2369,20100303,A121910,KSE
2370,20100312,A121950,KOSDAQ
2371,20100325,A122290,KSE
2372,20180528,A122310,KOSDAQ
2373,20100319,A122350,KOSDAQ
2374,20110525,A122450,KOSDAQ
2375,20141229,A122640,KONEX
2376,20151216,A122640,KOSDAQ
2377,20100525,A122690,KOSDAQ
2378,20100511,A122750,KSE
2379,20101126,A122800,KOSDAQ
2380,20111123,A122870,KOSDAQ
2381,20100730,A122900,KSE
2382,20100910,A122990,KOSDAQ
2383,20141031,A123010,KONEX
2384,20160720,A123010,KOSDAQ
2385,20100806,A123040,KOSDAQ
2386,20111101,A123100,KOSDAQ
2387,20100611,A123160,KOSDAQ
2388,20111205,A123260,KOSDAQ
2389,20100824,A123290,KOSDAQ
2390,20101029,A123300,KOSDAQ
2391,20110803,A123330,KOSDAQ
2392,20100827,A123410,KOSDAQ
2393,20101110,A123420,KOSDAQ
2394,20100824,A123550,KOSDAQ
2395,20111125,A123570,KOSDAQ
2396,20100601,A123690,KSE
2397,20100531,A123700,KSE
2398,20100702,A123750,KOSDAQ
2399,20101005,A123840,KOSDAQ
2400,20101105,A123860,KOSDAQ
2401,20160713,A123890,KSE
2402,20100824,A123910,KOSDAQ
2403,20100709,A124050,KOSDAQ
2404,20130701,A124500,KONEX
2405,20141223,A124500,KOSDAQ
2406,20191210,A124560,KOSDAQ
2407,20190329,A125210,KOSDAQ
2408,20130701,A126340,KONEX
2409,20200923,A126340,KOSDAQ
2410,20101223,A126560,KSE
2411,20101112,A126600,KOSDAQ
2412,20100831,A126640,KOSDAQ
2413,20101222,A126680,KOSDAQ
2414,20100910,A126700,KOSDAQ
2415,20120215,A126870,KOSDAQ
2416,20110131,A126880,KOSDAQ
2417,20111226,A127120,KOSDAQ
2418,20131220,A127160,KONEX
2419,20151119,A127160,KOSDAQ
2420,20150731,A127710,KOSDAQ
2421,20181205,A128540,KOSDAQ
2422,20101213,A128660,KOSDAQ
2423,20100730,A128820,KSE
2424,20101208,A128910,KOSDAQ
2425,20100730,A128940,KSE
2426,20111216,A129260,KSE
2427,20201202,A129890,KOSDAQ
2428,20130802,A130500,KOSDAQ
2429,20111222,A130580,KOSDAQ
2430,20101216,A130660,KSE
2431,20110208,A130740,KOSDAQ
2432,20101015,A130960,KOSDAQ
2433,20101203,A131030,KOSDAQ
2434,20111221,A131090,KOSDAQ
2435,20110614,A131100,KOSDAQ
2436,20110131,A131180,KOSDAQ
2437,20111011,A131220,KOSDAQ
2438,20110105,A131290,KOSDAQ
2439,20110105,A131370,KOSDAQ
2440,20110927,A131390,KOSDAQ
2441,20101227,A131400,KOSDAQ
2442,20150817,A131760,KOSDAQ
2443,20131022,A131970,KOSDAQ
2444,20151218,A133750,KOSDAQ
2445,20140722,A133820,KSE
2446,20110427,A134060,KOSDAQ
2447,20110215,A134380,KSE
2448,20131126,A134580,KOSDAQ
2449,20110810,A134780,KOSDAQ
2450,20110125,A134790,KSE
2451,20110502,A136480,KOSDAQ
2452,20110216,A136490,KSE
2453,20111118,A136510,KOSDAQ
2454,20110502,A136540,KOSDAQ
2455,20120706,A137400,KOSDAQ
2456,20110614,A137940,KOSDAQ
2457,20110808,A137950,KOSDAQ
2458,20110513,A138040,KSE
2459,20111128,A138070,KOSDAQ
2460,20140227,A138080,KOSDAQ
2461,20150327,A138250,KSE
2462,20131108,A138360,KOSDAQ
2463,20110615,A138490,KSE
2464,20171130,A138580,KOSDAQ
2465,20110713,A138610,KOSDAQ
2466,20110602,A138690,KOSDAQ
2467,20110330,A138930,KSE
2468,20110729,A139050,KOSDAQ
2469,20110607,A139130,KSE
2470,20110610,A139480,KSE
2471,20111202,A139670,KOSDAQ
2472,20170125,A140070,KOSDAQ
2473,20120120,A140410,KOSDAQ
2474,20141205,A140520,KOSDAQ
2475,20170811,A140670,KOSDAQ
2476,20151217,A140860,KOSDAQ
2477,20120504,A141000,KOSDAQ
2478,20130129,A141020,KOSDAQ
2479,20121116,A141070,KOSDAQ
2480,20130510,A141080,KOSDAQ
2481,20160202,A142210,KOSDAQ
2482,20141217,A142280,KOSDAQ
2483,20141126,A142760,KONEX
2484,20160707,A142760,KOSDAQ
2485,20110926,A143160,KOSDAQ
2486,20161202,A143210,KSE
2487,20120221,A143240,KOSDAQ
2488,20141029,A143540,KOSDAQ
2489,20160623,A144510,KOSDAQ
2490,20120405,A144620,KSE
2491,20161130,A144960,KOSDAQ
2492,20151224,A145020,KOSDAQ
2493,20150319,A145210,KSE
2494,20170315,A145720,KSE
2495,20111205,A145990,KSE
2496,20161212,A147760,KOSDAQ
2497,20120213,A147830,KOSDAQ
2498,20170116,A148140,KONEX
2499,20171109,A148140,KOSDAQ
2500,20190730,A148150,KOSDAQ
2501,20131224,A148250,KONEX
2502,20160622,A148250,KOSDAQ
2503,20120925,A149940,KOSDAQ
2504,20121106,A149950,KOSDAQ
2505,20130701,A149980,KONEX
2506,20141217,A149980,KOSDAQ
2507,20131219,A150840,KOSDAQ
2508,20131018,A150900,KOSDAQ
2509,20130724,A151860,KOSDAQ
2510,20120802,A151910,KOSDAQ
2511,20151229,A152330,KSE
2512,20120719,A153460,KOSDAQ
2513,20130205,A153490,KOSDAQ
2514,20181026,A153710,KOSDAQ
2515,20140708,A154030,KONEX
2516,20180212,A154030,KOSDAQ
2517,20131227,A154040,KOSDAQ
2518,20121115,A155650,KOSDAQ
2519,20130515,A155660,KSE
2520,20130213,A155960,KOSDAQ
2521,20130701,A156100,KONEX
2522,20161130,A156100,KOSDAQ
2523,20130403,A158310,KOSDAQ
2524,20130430,A158380,KOSDAQ
2525,20191017,A158430,KOSDAQ
2526,20130219,A159580,KOSDAQ
2527,20121227,A159910,KOSDAQ
2528,20141223,A160550,KOSDAQ
2529,20150626,A160600,KOSDAQ
2530,20150617,A160980,KOSDAQ
2531,20120917,A161000,KSE
2532,20121004,A161390,KSE
2533,20131113,A161570,KOSDAQ
2534,20170601,A161580,KOSDAQ
2535,20121019,A161890,KSE
2536,20121019,A163560,KSE
2537,20200806,A164060,KOSDAQ
2538,20170428,A166090,KOSDAQ
2539,20150626,A166480,KOSDAQ
2540,20131031,A168330,KOSDAQ
2541,20200701,A169330,KOSDAQ
2542,20131204,A170030,KOSDAQ
2543,20130801,A170790,KOSDAQ
2544,20130408,A170900,KSE
2545,20131008,A170920,KOSDAQ
2546,20131118,A171010,KOSDAQ
2547,20170920,A171090,KOSDAQ
2548,20131119,A171120,KOSDAQ
2549,20161220,A173130,KONEX
2550,20180824,A173130,KOSDAQ
2551,20141204,A173940,KOSDAQ
2552,20160715,A174880,KOSDAQ
2553,20170918,A174900,KOSDAQ
2554,20150923,A175140,KOSDAQ
2555,20180712,A175250,KOSDAQ
2556,20130718,A175330,KSE
2557,20161128,A176440,KOSDAQ
2558,20130701,A177350,KONEX
2559,20150619,A177350,KOSDAQ
2560,20140804,A177830,KOSDAQ
2561,20170327,A178320,KOSDAQ
2562,20150630,A178780,KOSDAQ
2563,20141208,A178920,KOSDAQ
2564,20181129,A179290,KOSDAQ
2565,20170927,A179900,KOSDAQ
2566,20141215,A180400,KONEX
2567,20151120,A180400,KOSDAQ
2568,20130916,A180640,KSE
2569,20170726,A181340,KOSDAQ
2570,20130829,A181710,KSE
2571,20131121,A182360,KOSDAQ
2572,20151023,A182400,KOSDAQ
2573,20131011,A182690,KONEX
2574,20141030,A182690,KOSDAQ
2575,20131106,A183190,KSE
2576,20170323,A183300,KOSDAQ
2577,20130925,A183490,KONEX
2578,20180221,A183490,KOSDAQ
2579,20131220,A184230,KOSDAQ
2580,20131128,A185490,KONEX
2581,20151116,A185490,KOSDAQ
2582,20131206,A185750,KSE
2583,20131220,A186230,KONEX
2584,20190807,A186230,KOSDAQ
2585,20141217,A187220,KOSDAQ
2586,20140808,A187270,KOSDAQ
2587,20150529,A187420,KOSDAQ
2588,20140508,A187790,KOSDAQ
2589,20171220,A187870,KOSDAQ
2590,20161018,A189300,KOSDAQ
2591,20150211,A189690,KOSDAQ
2592,20141224,A189860,KOSDAQ
2593,20150807,A189980,KOSDAQ
2594,20151112,A190510,KOSDAQ
2595,20191120,A190650,KOSDAQ
2596,20151224,A191410,KOSDAQ
2597,20141106,A191420,KOSDAQ
2598,20151104,A192080,KOSDAQ
2599,20190312,A192080,KSE
2600,20140428,A192250,KOSDAQ
2601,20140725,A192390,KOSDAQ
2602,20140806,A192400,KSE
2603,20140814,A192410,KOSDAQ
2604,20141105,A192440,KOSDAQ
2605,20140522,A192520,KSE
2606,20140522,A192530,KSE
2607,20190314,A192650,KSE
2608,20140407,A192820,KSE
2609,20141229,A193250,KOSDAQ
2610,20160204,A194370,KSE
2611,20141006,A194480,KOSDAQ
2612,20141121,A194510,KOSDAQ
2613,20140610,A194610,KOSDAQ
2614,20181114,A194700,KOSDAQ
2615,20161221,A195440,KOSDAQ
2616,20190820,A195500,KOSDAQ
2617,20160624,A195870,KSE
2618,20150413,A195990,KOSDAQ
2619,20141212,A196170,KOSDAQ
2620,20161207,A196300,KOSDAQ
2621,20140602,A196450,KOSDAQ
2622,20141119,A196490,KOSDAQ
2623,20150824,A196700,KOSDAQ
2624,20140530,A197140,KONEX
2625,20180907,A197140,KOSDAQ
2626,20140926,A197210,KONEX
2627,20151120,A197210,KOSDAQ
2628,20200316,A198080,KOSDAQ
2629,20140813,A198440,KOSDAQ
2630,20201126,A199820,KOSDAQ
2631,20140723,A200130,KOSDAQ
2632,20141124,A200230,KOSDAQ
2633,20141226,A200470,KOSDAQ
2634,20141226,A200670,KOSDAQ
2635,20141216,A200710,KOSDAQ
2636,20141215,A200780,KOSDAQ
2637,20140808,A200880,KSE
2638,20161010,A201490,KOSDAQ
2639,20140723,A203450,KONEX
2640,20161207,A203450,KOSDAQ
2641,20141013,A203650,KOSDAQ
2642,20140930,A203690,KOSDAQ
2643,20180723,A204020,KOSDAQ
2644,20200304,A204270,KOSDAQ
2645,20141006,A204320,KSE
2646,20141022,A204440,KOSDAQ
2647,20141119,A204620,KOSDAQ
2648,20141229,A204630,KOSDAQ
2649,20141124,A204650,KOSDAQ
2650,20141110,A204760,KOSDAQ
2651,20141120,A204840,KOSDAQ
2652,20150403,A204990,KONEX
2653,20161209,A204990,KOSDAQ
2654,20141107,A205100,KOSDAQ
2655,20141201,A205470,KOSDAQ
2656,20141112,A205500,KOSDAQ
2657,20141210,A206400,KOSDAQ
2658,20151222,A206560,KOSDAQ
2659,20141229,A206640,KOSDAQ
2660,20170124,A206650,KOSDAQ
2661,20150205,A206660,KOSDAQ
2662,20141217,A207720,KOSDAQ
2663,20141212,A207760,KOSDAQ
2664,20150331,A207930,KOSDAQ
2665,20161110,A207940,KSE
2666,20141217,A208140,KOSDAQ
2667,20181121,A208340,KOSDAQ
2668,20141224,A208350,KOSDAQ
2669,20141217,A208370,KOSDAQ
2670,20141229,A208640,KOSDAQ
2671,20141224,A208710,KOSDAQ
2672,20160728,A208860,KOSDAQ
2673,20141224,A208870,KOSDAQ
2674,20150115,A210540,KSE
2675,20150623,A210980,KSE
2676,20160304,A211270,KOSDAQ
2677,20151118,A212560,KOSDAQ
2678,20151201,A213090,KOSDAQ
2679,20150206,A213420,KOSDAQ
2680,20150126,A213500,KSE
2681,20150403,A214150,KOSDAQ
2682,20150630,A214180,KOSDAQ
2683,20191111,A214260,KOSDAQ
2684,20150325,A214270,KOSDAQ
2685,20150625,A214310,KOSDAQ
2686,20150717,A214320,KSE
2687,20151111,A214330,KSE
2688,20151117,A214370,KOSDAQ
2689,20150629,A214390,KSE
2690,20150710,A214420,KSE
2691,20150730,A214430,KOSDAQ
2692,20150724,A214450,KOSDAQ
2693,20150622,A214610,KONEX
2694,20201022,A214610,KOSDAQ
2695,20150420,A214680,KOSDAQ
2696,20151013,A214870,KOSDAQ
2697,20150403,A215000,KOSDAQ
2698,20150428,A215090,KOSDAQ
2699,20150422,A215100,KOSDAQ
2700,20150504,A215200,KOSDAQ
2701,20150506,A215360,KOSDAQ
2702,20150518,A215380,KOSDAQ
2703,20150513,A215480,KOSDAQ
2704,20150519,A215580,KOSDAQ
2705,20161206,A215600,KOSDAQ
2706,20150522,A215750,KOSDAQ
2707,20150508,A215790,KOSDAQ
2708,20161031,A216050,KOSDAQ
2709,20191114,A216080,KOSDAQ
2710,20150925,A217190,KOSDAQ
2711,20150618,A217270,KOSDAQ
2712,20181122,A217330,KOSDAQ
2713,20170302,A217480,KOSDAQ
2714,20150616,A217500,KOSDAQ
2715,20150626,A217600,KOSDAQ
2716,20150610,A217620,KOSDAQ
2717,20151221,A217730,KOSDAQ
2718,20150612,A217810,KOSDAQ
2719,20151207,A217820,KOSDAQ
2720,20150618,A218150,KOSDAQ
2721,20150630,A218410,KOSDAQ
2722,20150706,A218710,KOSDAQ
2723,20150925,A219130,KOSDAQ
2724,20160729,A219420,KONEX
2725,20180205,A219420,KOSDAQ
2726,20150722,A219550,KOSDAQ
2727,20150630,A219580,KOSDAQ
2728,20150617,A219750,KONEX
2729,20180921,A219750,KOSDAQ
2730,20150720,A219860,KOSDAQ
2731,20150717,A219960,KOSDAQ
2732,20150813,A220100,KONEX
2733,20161201,A220100,KOSDAQ
2734,20150629,A220180,KONEX
2735,20161124,A220180,KOSDAQ
2736,20150727,A220260,KOSDAQ
2737,20150828,A220630,KOSDAQ
2738,20150909,A221200,KOSDAQ
2739,20160127,A221610,KOSDAQ
2740,20151125,A221840,KOSDAQ
2741,20150821,A221950,KOSDAQ
2742,20151119,A221980,KOSDAQ
2743,20151216,A222040,KOSDAQ
2744,20150902,A222080,KOSDAQ
2745,20160311,A222110,KOSDAQ
2746,20150805,A222390,KOSDAQ
2747,20150806,A222420,KOSDAQ
2748,20150807,A222800,KOSDAQ
2749,20150813,A222810,KOSDAQ
2750,20151223,A222980,KOSDAQ
2751,20150827,A223040,KOSDAQ
2752,20200522,A223250,KOSDAQ
2753,20151224,A223310,KOSDAQ
2754,20151229,A224060,KOSDAQ
2755,20150825,A224110,KOSDAQ
2756,20170602,A225190,KOSDAQ
2757,20150803,A225220,KONEX
2758,20200724,A225220,KOSDAQ
2759,20160407,A225330,KOSDAQ
2760,20151008,A225430,KOSDAQ
2761,20151019,A225440,KOSDAQ
2762,20151217,A225530,KOSDAQ
2763,20150925,A225570,KOSDAQ
2764,20151005,A225590,KOSDAQ
2765,20150904,A225650,KOSDAQ
2766,20151228,A226320,KSE
2767,20191217,A226330,KOSDAQ
2768,20151105,A226340,KOSDAQ
2769,20160203,A226350,KOSDAQ
2770,20151022,A226360,KOSDAQ
2771,20160504,A226400,KONEX
2772,20180222,A226400,KOSDAQ
2773,20151006,A226440,KOSDAQ
2774,20151029,A226850,KOSDAQ
2775,20180718,A226950,KOSDAQ
2776,20181115,A227100,KOSDAQ
2777,20170712,A227610,KOSDAQ
2778,20151023,A227840,KSE
2779,20151118,A227950,KOSDAQ
2780,20160406,A228340,KOSDAQ
2781,20190808,A228670,KOSDAQ
2782,20160719,A228760,KONEX
2783,20190327,A228760,KOSDAQ
2784,20160411,A228850,KOSDAQ
2785,20151027,A229000,KONEX
2786,20200625,A229000,KOSDAQ
2787,20160922,A229640,KSE
2788,20151216,A230240,KOSDAQ
2789,20160808,A230360,KOSDAQ
2790,20151218,A230490,KOSDAQ
2791,20160302,A230980,KOSDAQ
2792,20151224,A232140,KOSDAQ
2793,20160229,A232270,KOSDAQ
2794,20161116,A232330,KOSDAQ
2795,20161027,A234080,KSE
2796,20151229,A234100,KONEX
2797,20171020,A234100,KOSDAQ
2798,20171205,A234300,KOSDAQ
2799,20190712,A234340,KOSDAQ
2800,20191014,A234690,KOSDAQ
2801,20160906,A234920,KOSDAQ
2802,20160304,A235010,KOSDAQ
2803,20191219,A235980,KOSDAQ
2804,20160205,A236200,KOSDAQ
2805,20160623,A237690,KOSDAQ
2806,20160704,A237750,KOSDAQ
2807,20200312,A237820,KOSDAQ
2808,20161109,A237880,KOSDAQ
2809,20161012,A238090,KOSDAQ
2810,20161103,A238120,KOSDAQ
2811,20181226,A238200,KOSDAQ
2812,20170720,A238490,KOSDAQ
2813,20160609,A239340,KOSDAQ
2814,20161028,A239610,KOSDAQ
2815,20160622,A240540,KOSDAQ
2816,20160502,A240810,KOSDAQ
2817,20161219,A241520,KOSDAQ
2818,20161118,A241560,KSE
2819,20161004,A241590,KSE
2820,20160920,A241690,KOSDAQ
2821,20161028,A241710,KOSDAQ
2822,20171206,A241770,KOSDAQ
2823,20161201,A241790,KOSDAQ
2824,20170223,A241820,KOSDAQ
2825,20190719,A241840,KOSDAQ
2826,20160907,A242040,KOSDAQ
2827,20160603,A243070,KOSDAQ
2828,20170927,A243840,KOSDAQ
2829,20190920,A244460,KOSDAQ
2830,20200423,A244920,K-OTC
2831,20201120,A244920,KSE
2832,20180626,A245620,KOSDAQ
2833,20161215,A246690,KOSDAQ
2834,20181128,A246710,KOSDAQ
2835,20170320,A246720,KOSDAQ
2836,20190201,A246960,KOSDAQ
2837,20190305,A247540,KOSDAQ
2838,20160809,A248170,KSE
2839,20160831,A249420,KSE
2840,20170608,A250000,KOSDAQ
2841,20160908,A250060,KOSDAQ
2842,20160929,A250930,KOSDAQ
2843,20170512,A251270,KSE
2844,20170427,A251370,KOSDAQ
2845,20170713,A251630,KOSDAQ
2846,20190704,A251970,KOSDAQ
2847,20161102,A252500,KOSDAQ
2848,20171124,A253450,KOSDAQ
2849,20180404,A253590,KOSDAQ
2850,20161111,A253840,KONEX
2851,20190528,A253840,KOSDAQ
2852,20161202,A254120,KOSDAQ
2853,20180126,A255220,KOSDAQ
2854,20170929,A255440,KOSDAQ
2855,20190905,A256150,KOSDAQ
2856,20170502,A256630,KOSDAQ
2857,20161228,A256840,KOSDAQ
2858,20161221,A256940,KONEX
2859,20170906,A256940,KOSDAQ
2860,20180913,A257370,KOSDAQ
2861,20170223,A257730,KOSDAQ
2862,20170822,A258610,KOSDAQ
2863,20170427,A258790,KOSDAQ
2864,20180529,A258830,KOSDAQ
2865,20170920,A259630,KOSDAQ
2866,20180212,A260660,KOSDAQ
2867,20171207,A260930,KOSDAQ
2868,20170626,A261200,KOSDAQ
2869,20200716,A262260,KOSDAQ
2870,20170303,A262830,KOSDAQ
2871,20181120,A263020,KOSDAQ
2872,20181224,A263050,KOSDAQ
2873,20170915,A263540,KOSDAQ
2874,20170828,A263600,KOSDAQ
2875,20181122,A263690,KOSDAQ
2876,20180328,A263700,KOSDAQ
2877,20170801,A263720,KOSDAQ
2878,20170914,A263750,KOSDAQ
2879,20170406,A263770,KOSDAQ
2880,20170803,A263800,KOSDAQ
2881,20171016,A263810,KOSDAQ
2882,20170802,A263860,KOSDAQ
2883,20170928,A263920,KOSDAQ
2884,20170502,A264290,KOSDAQ
2885,20170331,A264450,KOSDAQ
2886,20180125,A264660,KOSDAQ
2887,20170601,A264850,KOSDAQ
2888,20170411,A264900,KSE
2889,20170526,A265480,KOSDAQ
2890,20170407,A265520,KOSDAQ
2891,20171026,A265560,KOSDAQ
2892,20201202,A265740,KOSDAQ
2893,20170608,A265920,KOSDAQ
2894,20170510,A267250,KSE
2895,20170510,A267260,KSE
2896,20170510,A267270,KSE
2897,20170512,A267290,KSE
2898,20170622,A267320,KOSDAQ
2899,20180201,A267790,KOSDAQ
2900,20181123,A267850,KSE
2901,20170605,A267980,KOSDAQ
2902,20170522,A268280,KSE
2903,20181109,A268600,KOSDAQ
2904,20171226,A269620,KOSDAQ
2905,20170822,A270520,KOSDAQ
2906,20181213,A270870,KOSDAQ
2907,20170707,A271560,KSE
2908,20170724,A271740,KOSDAQ
2909,20170717,A271980,KSE
2910,20191025,A272110,KOSDAQ
2911,20191113,A272210,KSE
2912,20170710,A272290,KOSDAQ
2913,20171208,A272450,KSE
2914,20171129,A272550,KSE
2915,20170807,A273060,KOSDAQ
2916,20200303,A274090,KOSDAQ
2917,20180806,A275630,KOSDAQ
2918,20171110,A276920,KOSDAQ
2919,20180314,A277070,KOSDAQ
2920,20170929,A277410,KOSDAQ
2921,20171020,A277480,KOSDAQ
2922,20171030,A277880,KONEX
2923,20200722,A277880,KOSDAQ
2924,20190211,A278280,KOSDAQ
2925,20191127,A278650,KOSDAQ
2926,20171127,A279410,KOSDAQ
2927,20171110,A279600,KONEX
2928,20191105,A279600,KOSDAQ
2929,20171030,A280360,KSE
2930,20171221,A281410,KOSDAQ
2931,20171212,A281740,KOSDAQ
2932,20171205,A281820,KSE
2933,20171208,A282330,KSE
2934,20171129,A282690,KSE
2935,20190805,A282880,KOSDAQ
2936,20180608,A284620,KOSDAQ
2937,20180111,A284740,KSE
2938,20180105,A285130,KSE
2939,20181102,A285490,KOSDAQ
2940,20190819,A286750,KOSDAQ
2941,20180727,A286940,KSE
2942,20180508,A287410,KOSDAQ
2943,20191220,A288330,KOSDAQ
2944,20181015,A288620,KOSDAQ
2945,20190711,A289010,KOSDAQ
2946,20180706,A289080,KOSDAQ
2947,20181207,A290120,KOSDAQ
2948,20180802,A290270,KOSDAQ
2949,20180810,A290380,KOSDAQ
2950,20191129,A290510,KOSDAQ
2951,20200706,A290520,KOSDAQ
2952,20181221,A290550,KOSDAQ
2953,20181101,A290650,KOSDAQ
2954,20181128,A290660,KOSDAQ
2955,20181106,A290670,KOSDAQ
2956,20201106,A290690,KOSDAQ
2957,20181004,A290720,KOSDAQ
2958,20180828,A290740,KOSDAQ
2959,20180511,A291210,KOSDAQ
2960,20180913,A291230,KOSDAQ
2961,20200916,A291650,KOSDAQ
2962,20181002,A293480,KSE
2963,20200910,A293490,KOSDAQ
2964,20181004,A293580,KOSDAQ
2965,20190612,A293780,KOSDAQ
2966,20200914,A294090,KOSDAQ
2967,20200228,A294140,KOSDAQ
2968,20200220,A294630,KOSDAQ
2969,20180612,A294870,KSE
2970,20191121,A297090,KOSDAQ
2971,20180720,A297570,KOSDAQ
2972,20200622,A297890,KOSDAQ
2973,20180713,A298000,KSE
2974,20180713,A298020,KSE
2975,20180713,A298040,KSE
2976,20180713,A298050,KSE
2977,20200617,A298060,KOSDAQ
2978,20181219,A298380,KOSDAQ
2979,20200727,A298540,KOSDAQ
2980,20181227,A298690,KSE
2981,20201125,A299030,KOSDAQ
2982,20180921,A299170,KOSDAQ
2983,20190220,A299660,KOSDAQ
2984,20181220,A299900,KOSDAQ
2985,20181203,A299910,KOSDAQ
2986,20190717,A300080,KOSDAQ
2987,20191018,A300120,KOSDAQ
2988,20180806,A300720,KSE
2989,20201028,A301300,KOSDAQ
2990,20181212,A302430,KOSDAQ
2991,20180814,A302550,KONEX
2992,20191206,A302550,KOSDAQ
2993,20180830,A303030,KOSDAQ
2994,20200723,A304100,KOSDAQ
2995,20201019,A304840,KOSDAQ
2996,20190605,A305090,KOSDAQ
2997,20191118,A306040,KOSDAQ
2998,20181005,A306200,KSE
2999,20181031,A306620,KOSDAQ
3000,20181207,A307070,KOSDAQ
3001,20181130,A307160,KOSDAQ
3002,20181221,A307180,KOSDAQ
3003,20181205,A307280,KOSDAQ
3004,20181219,A307750,KOSDAQ
3005,20181212,A307870,KOSDAQ
3006,20190523,A307930,KOSDAQ
3007,20190328,A307950,KSE
3008,20190610,A308100,KOSDAQ
3009,20191125,A308170,KSE
3010,20181220,A309930,KOSDAQ
3011,20181221,A310200,KOSDAQ
3012,20181224,A310840,KOSDAQ
3013,20181220,A310870,KOSDAQ
3014,20181226,A311270,KOSDAQ
3015,20190822,A311390,KOSDAQ
3016,20191226,A311690,KOSDAQ
3017,20190701,A312610,KOSDAQ
3018,20190321,A313750,KOSDAQ
3019,20190725,A313760,KOSDAQ
3020,20190213,A316140,KSE
3021,20190327,A317030,KOSDAQ
3022,20190918,A317120,KOSDAQ
3023,20190429,A317240,KOSDAQ
3024,20190503,A317320,KOSDAQ
3025,20190802,A317330,KOSDAQ
3026,20191106,A317400,KSE
3027,20191029,A317530,KOSDAQ
3028,20201209,A317690,KOSDAQ
3029,20190801,A317770,KOSDAQ
3030,20190814,A317830,KOSDAQ
3031,20190724,A317850,KOSDAQ
3032,20191024,A317870,KOSDAQ
3033,20190801,A318000,KOSDAQ
3034,20191022,A318010,KOSDAQ
3035,20201203,A318020,KOSDAQ
3036,20200921,A318410,KOSDAQ
3037,20190508,A319400,KOSDAQ
3038,20190510,A319660,KOSDAQ
3039,20190918,A320000,KOSDAQ
3040,20190531,A321260,KOSDAQ
3041,20191122,A321550,KOSDAQ
3042,20191119,A322000,KSE
3043,20191031,A322180,KOSDAQ
3044,20191211,A322510,KOSDAQ
3045,20190531,A322780,KOSDAQ
3046,20190715,A323210,KOSDAQ
3047,20190619,A323230,KOSDAQ
3048,20190624,A323280,KOSDAQ
3049,20190624,A323940,KOSDAQ
3050,20200922,A323990,KOSDAQ
3051,20200702,A326030,KSE
3052,20191224,A327260,KOSDAQ
3053,20190820,A328380,KOSDAQ
3054,20190830,A329560,KOSDAQ
3055,20200703,A330350,KOSDAQ
3056,20201117,A330860,KOSDAQ
3057,20190930,A330990,KOSDAQ
3058,20191002,A331380,KOSDAQ
3059,20191029,A331520,KOSDAQ
3060,20200821,A331920,KOSDAQ
3061,20191011,A332290,KOSDAQ
3062,20200824,A332370,KOSDAQ
3063,20200731,A332570,KOSDAQ
3064,20191101,A332710,KOSDAQ
3065,20191031,A333050,KOSDAQ
3066,20191106,A333430,KOSDAQ
3067,20191209,A335870,KOSDAQ
3068,20191203,A335890,KOSDAQ
3069,20191128,A336060,KOSDAQ
3070,20191018,A336260,KSE
3071,20191018,A336370,KSE
3072,20191219,A336570,KOSDAQ
3073,20191204,A337450,KOSDAQ
3074,20200813,A337930,KOSDAQ
3075,20201112,A339770,KSE
3076,20191224,A339950,KOSDAQ
3077,20191223,A340120,KOSDAQ
3078,20200311,A340350,KOSDAQ
3079,20191219,A340360,KOSDAQ
3080,20191227,A340440,KOSDAQ
3081,20201120,A340570,KOSDAQ
3082,20200130,A341160,KOSDAQ
3083,20200130,A342550,KOSDAQ
3084,20200723,A343510,KOSDAQ
3085,20200212,A344050,KOSDAQ
3086,20200121,A344820,KSE
3087,20201029,A347000,KOSDAQ
3088,20200324,A347140,KOSDAQ
3089,20200909,A347740,KOSDAQ
3090,20200918,A347770,KOSDAQ
3091,20201221,A347860,KOSDAQ
3092,20200729,A347890,KOSDAQ
3093,20201118,A348150,KOSDAQ
3094,20201008,A348210,KOSDAQ
3095,20201030,A348350,KOSDAQ
3096,20200520,A349720,KOSDAQ
3097,20200622,A351320,KOSDAQ
3098,20200715,A351340,KOSDAQ
3099,20201204,A352770,KOSDAQ
3100,20201015,A352820,KSE
3101,20201211,A352940,KOSDAQ
3102,20201216,A353060,KOSDAQ
3103,20200729,A353070,KOSDAQ
3104,20200617,A353190,KOSDAQ
3105,20200521,A353200,KSE
3106,20200828,A353490,KOSDAQ
3107,20200605,A353810,KOSDAQ
3108,20201210,A354200,KOSDAQ
3109,20200918,A355150,KOSDAQ
3110,20201214,A356860,KOSDAQ
3111,20200806,A357780,KOSDAQ
3112,20200923,A359090,KOSDAQ
3113,20200922,A363280,KSE
3114,20201221,A365590,KOSDAQ
3115,20201209,A367340,KOSDAQ
3116,20070817,A900010,KOSDAQ
3117,20080129,A900020,KOSDAQ
3118,20081204,A900030,KSE
3119,20090529,A900040,KOSDAQ
3120,20090522,A900050,KSE
3121,20090327,A900060,KOSDAQ
3122,20091223,A900070,KOSDAQ
3123,20091204,A900080,KOSDAQ
3124,20100205,A900090,KOSDAQ
3125,20100421,A900100,KOSDAQ
3126,20100423,A900110,KOSDAQ
3127,20100331,A900120,KOSDAQ
3128,20100723,A900130,KOSDAQ
3129,20101130,A900140,KSE
3130,20100915,A900150,KOSDAQ
3131,20110613,A900180,KOSDAQ
3132,20160128,A900250,KOSDAQ
3133,20160630,A900260,KOSDAQ
3134,20160818,A900270,KOSDAQ
3135,20161019,A900280,KOSDAQ
3136,20161025,A900290,KOSDAQ
3137,20161104,A900300,KOSDAQ
3138,20170810,A900310,KOSDAQ
3139,20181130,A900340,KOSDAQ
3140,20071126,A950010,KSE
3141,20090424,A950030,KOSDAQ
3142,20110125,A950070,KSE
3143,20120430,A950100,KSE
3144,20121217,A950110,KOSDAQ
3145,20130530,A950130,KOSDAQ
3146,20161014,A950140,KOSDAQ
3147,20171106,A950160,KOSDAQ
3148,20180406,A950170,KOSDAQ
3149,20190507,A950180,KOSDAQ
3150,20200818,A950190,KOSDAQ
3151,20200713,A950200,KOSDAQ
