,std_dt,symbol,currency
0,19991228,A000010,KRW
1,19991228,A000020,KRW
2,19991228,A000030,KRW
3,20141119,A000030,KRW
4,19991228,A000040,KRW
5,19991228,A000050,KRW
6,19991228,A000060,KRW
7,19991228,A000070,KRW
8,19991228,A000080,KRW
9,20091019,A000080,KRW
10,19991228,A000100,KRW
11,19991228,A000110,KRW
12,19991228,A000120,KRW
13,19991228,A000140,KRW
14,19991228,A000150,KRW
15,19991228,A000180,KRW
16,19991228,A000200,KRW
17,19991228,A000210,KRW
18,19991228,A000220,KRW
19,19991228,A000230,KRW
20,19991228,A000240,KRW
21,20001004,A000250,KRW
22,19991228,A000270,KRW
23,19991228,A000280,KRW
24,19991228,A000300,KRW
25,19991228,A000310,KRW
26,19991228,A000320,KRW
27,19991228,A000360,KRW
28,19991228,A000370,KRW
29,19991228,A000380,KRW
30,19991228,A000390,KRW
31,19991228,A000400,KRW
32,19991228,A000420,KRW
33,19991228,A000430,KRW
34,19991228,A000440,KRW
35,19991228,A000470,KRW
36,19991228,A000480,KRW
37,19991228,A000490,KRW
38,19991228,A000500,KRW
39,19991228,A000520,KRW
40,19991228,A000540,KRW
41,19991228,A000590,KRW
42,19991228,A000610,KRW
43,19991228,A000640,KRW
44,19991228,A000650,KRW
45,19991228,A000660,KRW
46,19991228,A000670,KRW
47,19991228,A000680,KRW
48,19991228,A000700,KRW
49,19991228,A000720,KRW
50,19991228,A000760,KRW
51,19991228,A000790,KRW
52,19991228,A000800,KRW
53,19991228,A000810,KRW
54,19991228,A000830,KRW
55,19991228,A000840,KRW
56,19991228,A000850,KRW
57,19991228,A000860,KRW
58,19991228,A000880,KRW
59,19991228,A000890,KRW
60,19991228,A000900,KRW
61,19991228,A000910,KRW
62,19991228,A000950,KRW
63,19991228,A000970,KRW
64,19991228,A000980,KRW
65,19991228,A000990,KRW
66,19991228,A001000,KRW
67,19991228,A001020,KRW
68,19991228,A001030,KRW
69,19991228,A001040,KRW
70,19991228,A001060,KRW
71,19991228,A001070,KRW
72,19991228,A001080,KRW
73,19991228,A001110,KRW
74,19991228,A001120,KRW
75,19991228,A001130,KRW
76,19991228,A001140,KRW
77,19991228,A001150,KRW
78,19991228,A001190,KRW
79,19991228,A001200,KRW
80,19991228,A001210,KRW
81,19991228,A001230,KRW
82,19991228,A001250,KRW
83,19991228,A001260,KRW
84,19991228,A001270,KRW
85,19991228,A001280,KRW
86,19991228,A001290,KRW
87,19991228,A001300,KRW
88,19991228,A001310,KRW
89,19991228,A001340,KRW
90,19991228,A001350,KRW
91,19991228,A001360,KRW
92,19991228,A001370,KRW
93,19991228,A001380,KRW
94,19991228,A001390,KRW
95,19991228,A001400,KRW
96,19991228,A001420,KRW
97,19991228,A001430,KRW
98,19991228,A001440,KRW
99,19991228,A001450,KRW
100,19991228,A001460,KRW
101,19991228,A001470,KRW
102,19991228,A001490,KRW
103,19991228,A001500,KRW
104,19991228,A001510,KRW
105,19991228,A001520,KRW
106,19991228,A001530,KRW
107,20000615,A001540,KRW
108,19991228,A001550,KRW
109,20051209,A001560,KRW
110,19991228,A001570,KRW
111,19991228,A001580,KRW
112,19991228,A001590,KRW
113,19991228,A001600,KRW
114,19991228,A001620,KRW
115,19991228,A001630,KRW
116,19991228,A001670,KRW
117,19991228,A001680,KRW
118,19991228,A001690,KRW
119,19991228,A001720,KRW
120,19991228,A001740,KRW
121,19991228,A001750,KRW
122,19991228,A001770,KRW
123,19991228,A001780,KRW
124,20070607,A001780,KRW
125,19991228,A001790,KRW
126,19991228,A001800,KRW
127,20000104,A001810,KRW
128,19991228,A001820,KRW
129,19991228,A001830,KRW
130,19991228,A001840,KRW
131,19991228,A001850,KRW
132,19991228,A001880,KRW
133,19991228,A001890,KRW
134,19991228,A001920,KRW
135,19991228,A001940,KRW
136,19991228,A001950,KRW
137,19991228,A001970,KRW
138,19991228,A001980,KRW
139,19991228,A002000,KRW
140,19991228,A002020,KRW
141,19991228,A002030,KRW
142,19991228,A002050,KRW
143,19991228,A002070,KRW
144,19991228,A002080,KRW
145,19991228,A002100,KRW
146,19991228,A002130,KRW
147,19991228,A002140,KRW
148,20100812,A002150,KRW
149,19991228,A002170,KRW
150,19991228,A002180,KRW
151,19991228,A002200,KRW
152,19991228,A002210,KRW
153,19991228,A002220,KRW
154,19991228,A002230,KRW
155,19991228,A002240,KRW
156,19991228,A002250,KRW
157,19991228,A002270,KRW
158,19991228,A002290,KRW
159,19991228,A002300,KRW
160,19991228,A002310,KRW
161,19991228,A002320,KRW
162,19991228,A002350,KRW
163,19991228,A002360,KRW
164,19991228,A002380,KRW
165,19991228,A002390,KRW
166,19991228,A002410,KRW
167,19991228,A002420,KRW
168,19991228,A002450,KRW
169,19991228,A002460,KRW
170,19991228,A002470,KRW
171,19991228,A002480,KRW
172,19991228,A002530,KRW
173,19991228,A002540,KRW
174,19991228,A002550,KRW
175,19991228,A002580,KRW
176,19991228,A002600,KRW
177,19991228,A002610,KRW
178,19991228,A002620,KRW
179,19991228,A002630,KRW
180,19991228,A002670,KRW
181,19991228,A002680,KRW
182,20150924,A002690,KRW
183,19991228,A002700,KRW
184,19991228,A002710,KRW
185,19991228,A002720,KRW
186,19991228,A002740,KRW
187,19991228,A002760,KRW
188,19991228,A002780,KRW
189,19991228,A002790,KRW
190,20170228,A002800,KRW
191,19991228,A002810,KRW
192,19991228,A002820,KRW
193,19991228,A002840,KRW
194,19991228,A002850,KRW
195,19991228,A002860,KRW
196,19991228,A002870,KRW
197,19991228,A002880,KRW
198,19991228,A002900,KRW
199,19991228,A002920,KRW
200,19991228,A002930,KRW
201,19991228,A002940,KRW
202,19991228,A002950,KRW
203,19991228,A002960,KRW
204,19991228,A002990,KRW
205,19991228,A003000,KRW
206,19991228,A003010,KRW
207,19991228,A003020,KRW
208,19991228,A003030,KRW
209,19991228,A003040,KRW
210,19991228,A003050,KRW
211,19991228,A003060,KRW
212,19991228,A003070,KRW
213,19991228,A003080,KRW
214,19991228,A003090,KRW
215,19991228,A003100,KRW
216,19991228,A003110,KRW
217,19991228,A003120,KRW
218,19991228,A003160,KRW
219,19991228,A003190,KRW
220,19991228,A003200,KRW
221,19991228,A003220,KRW
222,19991228,A003230,KRW
223,19991228,A003240,KRW
224,19991228,A003260,KRW
225,19991228,A003280,KRW
226,19991228,A003300,KRW
227,19991228,A003310,KRW
228,19991228,A003320,KRW
229,19991228,A003330,KRW
230,19991228,A003350,KRW
231,19991228,A003380,KRW
232,20170630,A003380,KRW
233,19991228,A003410,KRW
234,19991228,A003430,KRW
235,19991228,A003450,KRW
236,19991228,A003460,KRW
237,19991228,A003470,KRW
238,19991228,A003480,KRW
239,19991228,A003490,KRW
240,19991228,A003520,KRW
241,19991228,A003530,KRW
242,19991228,A003540,KRW
243,19991228,A003550,KRW
244,19991228,A003560,KRW
245,19991228,A003570,KRW
246,19991228,A003580,KRW
247,19991228,A003590,KRW
248,19991228,A003600,KRW
249,19991228,A003610,KRW
250,19991228,A003620,KRW
251,19991228,A003640,KRW
252,19991228,A003650,KRW
253,19991228,A003660,KRW
254,20011101,A003670,KRW
255,19991228,A003680,KRW
256,19991228,A003690,KRW
257,19991228,A003720,KRW
258,19991228,A003780,KRW
259,19991228,A003800,KRW
260,19991228,A003810,KRW
261,19991228,A003830,KRW
262,19991228,A003850,KRW
263,19991228,A003900,KRW
264,19991228,A003920,KRW
265,19991228,A003930,KRW
266,19991228,A003940,KRW
267,19991228,A003960,KRW
268,19991228,A003980,KRW
269,19991228,A003990,KRW
270,19991228,A004000,KRW
271,19991228,A004010,KRW
272,19991228,A004020,KRW
273,19991228,A004060,KRW
274,19991228,A004080,KRW
275,19991228,A004090,KRW
276,19991228,A004100,KRW
277,19991228,A004110,KRW
278,19991228,A004130,KRW
279,19991228,A004140,KRW
280,19991228,A004150,KRW
281,19991228,A004170,KRW
282,19991228,A004190,KRW
283,19991228,A004200,KRW
284,19991228,A004230,KRW
285,19991228,A004250,KRW
286,19991228,A004270,KRW
287,19991228,A004290,KRW
288,19991228,A004310,KRW
289,19991228,A004320,KRW
290,19991228,A004360,KRW
291,19991228,A004370,KRW
292,19991228,A004380,KRW
293,19991228,A004390,KRW
294,19991228,A004410,KRW
295,19991228,A004420,KRW
296,19991228,A004430,KRW
297,20160330,A004440,KRW
298,19991228,A004450,KRW
299,19991228,A004460,KRW
300,19991228,A004490,KRW
301,19991228,A004510,KRW
302,19991228,A004530,KRW
303,19991228,A004540,KRW
304,19991228,A004550,KRW
305,19991228,A004560,KRW
306,19991228,A004590,KRW
307,19991228,A004620,KRW
308,20140730,A004650,KRW
309,19991228,A004660,KRW
310,19991228,A004690,KRW
311,19991228,A004700,KRW
312,19991228,A004710,KRW
313,19991228,A004720,KRW
314,19991228,A004730,KRW
315,19991228,A004740,KRW
316,19991228,A004770,KRW
317,19991228,A004780,KRW
318,19991228,A004790,KRW
319,19991228,A004800,KRW
320,19991228,A004820,KRW
321,19991228,A004830,KRW
322,19991228,A004840,KRW
323,19991228,A004870,KRW
324,20050630,A004890,KRW
325,19991228,A004910,KRW
326,19991228,A004920,KRW
327,19991228,A004940,KRW
328,19991228,A004960,KRW
329,19991228,A004970,KRW
330,19991228,A004980,KRW
331,19991228,A004990,KRW
332,19991228,A005010,KRW
333,19991228,A005030,KRW
334,19991228,A005060,KRW
335,19991228,A005070,KRW
336,19991228,A005090,KRW
337,19991228,A005110,KRW
338,19991228,A005160,KRW
339,19991228,A005180,KRW
340,19991228,A005190,KRW
341,19991228,A005250,KRW
342,19991228,A005270,KRW
343,19991228,A005280,KRW
344,19991228,A005290,KRW
345,19991228,A005300,KRW
346,19991228,A005320,KRW
347,19991228,A005330,KRW
348,19991228,A005350,KRW
349,19991228,A005360,KRW
350,19991228,A005370,KRW
351,19991228,A005380,KRW
352,19991228,A005390,KRW
353,19991228,A005410,KRW
354,19991228,A005420,KRW
355,19991228,A005430,KRW
356,19991228,A005440,KRW
357,19991228,A005450,KRW
358,19991228,A005490,KRW
359,19991228,A005500,KRW
360,19991228,A005560,KRW
361,20071112,A005560,KRW
362,19991228,A005580,KRW
363,19991228,A005600,KRW
364,19991228,A005610,KRW
365,19991228,A005620,KRW
366,19991228,A005670,KRW
367,19991228,A005680,KRW
368,19991228,A005690,KRW
369,19991228,A005710,KRW
370,19991228,A005720,KRW
371,19991228,A005740,KRW
372,19991228,A005750,KRW
373,19991228,A005760,KRW
374,19991228,A005770,KRW
375,19991228,A005790,KRW
376,19991228,A005800,KRW
377,19991228,A005810,KRW
378,19991228,A005820,KRW
379,19991228,A005830,KRW
380,19991228,A005850,KRW
381,19991228,A005860,KRW
382,19991228,A005870,KRW
383,19991228,A005880,KRW
384,19991228,A005890,KRW
385,19991228,A005900,KRW
386,19991228,A005930,KRW
387,19991228,A005940,KRW
388,19991228,A005950,KRW
389,19991228,A005960,KRW
390,19991228,A005980,KRW
391,19991228,A005990,KRW
392,19991228,A006000,KRW
393,19991228,A006040,KRW
394,19991228,A006050,KRW
395,19991228,A006060,KRW
396,19991228,A006070,KRW
397,19991228,A006090,KRW
398,19991228,A006110,KRW
399,19991228,A006120,KRW
400,19991228,A006140,KRW
401,19991228,A006150,KRW
402,19991228,A006160,KRW
403,19991228,A006200,KRW
404,19991228,A006210,KRW
405,19991228,A006220,KRW
406,19991228,A006250,KRW
407,19991228,A006260,KRW
408,19991228,A006280,KRW
409,19991228,A006290,KRW
410,19991228,A006300,KRW
411,19991228,A006340,KRW
412,19991228,A006350,KRW
413,19991228,A006360,KRW
414,19991228,A006370,KRW
415,19991228,A006380,KRW
416,19991228,A006390,KRW
417,19991228,A006400,KRW
418,19991228,A006440,KRW
419,19991228,A006490,KRW
420,19991228,A006570,KRW
421,19991228,A006580,KRW
422,19991228,A006600,KRW
423,19991228,A006610,KRW
424,20180213,A006620,KRW
425,19991228,A006650,KRW
426,19991228,A006660,KRW
427,19991228,A006730,KRW
428,19991228,A006740,KRW
429,19991228,A006750,KRW
430,19991228,A006800,KRW
431,19991228,A006840,KRW
432,20131121,A006880,KRW
433,19991228,A006890,KRW
434,19991228,A006910,KRW
435,19991228,A006920,KRW
436,19991228,A006980,KRW
437,19991228,A007050,KRW
438,20111223,A007070,KRW
439,19991228,A007090,KRW
440,20000211,A007091,KRW
441,19991228,A007100,KRW
442,19991228,A007110,KRW
443,19991228,A007120,KRW
444,20000725,A007150,KRW
445,19991228,A007160,KRW
446,19991228,A007190,KRW
447,19991228,A007200,KRW
448,19991228,A007210,KRW
449,19991228,A007280,KRW
450,19991228,A007310,KRW
451,19991228,A007330,KRW
452,19991228,A007340,KRW
453,19991228,A007360,KRW
454,20000727,A007370,KRW
455,19991228,A007390,KRW
456,19991228,A007391,KRW
457,19991228,A007410,KRW
458,19991228,A007420,KRW
459,19991228,A007460,KRW
460,19991228,A007480,KRW
461,19991228,A007490,KRW
462,19991228,A007530,KRW
463,19991228,A007540,KRW
464,19991228,A007570,KRW
465,19991228,A007590,KRW
466,19991228,A007610,KRW
467,19991228,A007630,KRW
468,19991228,A007640,KRW
469,20000221,A007641,KRW
470,20000822,A007660,KRW
471,20171201,A007680,KRW
472,19991228,A007690,KRW
473,19991228,A007700,KRW
474,19991228,A007720,KRW
475,19991228,A007721,KRW
476,20000711,A007721,KRW
477,19991228,A007770,KRW
478,19991228,A007800,KRW
479,19991228,A007810,KRW
480,20111108,A007820,KRW
481,19991228,A007830,KRW
482,19991228,A007840,KRW
483,19991228,A007860,KRW
484,19991228,A007910,KRW
485,19991228,A007930,KRW
486,19991228,A007980,KRW
487,19991228,A008000,KRW
488,19991228,A008020,KRW
489,20000404,A008030,KRW
490,19991228,A008040,KRW
491,19991228,A008060,KRW
492,19991228,A008080,KRW
493,19991228,A008110,KRW
494,19991228,A008120,KRW
495,19991228,A008250,KRW
496,19991228,A008260,KRW
497,19991228,A008270,KRW
498,19991228,A008290,KRW
499,19991228,A008320,KRW
500,19991228,A008340,KRW
501,19991228,A008350,KRW
502,19991228,A008370,KRW
503,19991228,A008371,KRW
504,19991228,A008400,KRW
505,19991228,A008420,KRW
506,19991228,A008440,KRW
507,20110223,A008470,KRW
508,19991228,A008480,KRW
509,19991228,A008490,KRW
510,19991228,A008500,KRW
511,19991228,A008530,KRW
512,19991228,A008540,KRW
513,19991228,A008560,KRW
514,19991228,A008600,KRW
515,19991228,A008640,KRW
516,19991228,A008670,KRW
517,19991228,A008690,KRW
518,19991228,A008700,KRW
519,19991228,A008720,KRW
520,19991228,A008730,KRW
521,19991228,A008750,KRW
522,19991228,A008770,KRW
523,19991228,A008780,KRW
524,19991228,A008800,KRW
525,19991228,A008830,KRW
526,19991228,A008870,KRW
527,19991228,A008900,KRW
528,19991228,A008920,KRW
529,19991228,A008930,KRW
530,19991228,A008970,KRW
531,19991228,A008980,KRW
532,19991228,A008990,KRW
533,19991228,A009010,KRW
534,19991228,A009050,KRW
535,19991228,A009070,KRW
536,19991228,A009080,KRW
537,19991228,A009140,KRW
538,19991228,A009150,KRW
539,19991228,A009160,KRW
540,19991228,A009180,KRW
541,19991228,A009190,KRW
542,19991228,A009200,KRW
543,19991228,A009220,KRW
544,20020716,A009240,KRW
545,19991228,A009270,KRW
546,19991228,A009280,KRW
547,19991228,A009290,KRW
548,20000719,A009300,KRW
549,19991228,A009310,KRW
550,19991228,A009320,KRW
551,19991228,A009330,KRW
552,19991228,A009360,KRW
553,19991228,A009380,KRW
554,19991228,A009410,KRW
555,19991228,A009420,KRW
556,19991228,A009440,KRW
557,19991228,A009450,KRW
558,19991228,A009460,KRW
559,19991228,A009470,KRW
560,19991228,A009520,KRW
561,19991228,A009540,KRW
562,19991228,A009580,KRW
563,19991228,A009620,KRW
564,19991228,A009680,KRW
565,19991228,A009690,KRW
566,19991228,A009720,KRW
567,19991228,A009730,KRW
568,19991228,A009760,KRW
569,20061017,A009770,KRW
570,19991228,A009780,KRW
571,19991228,A009790,KRW
572,19991228,A009810,KRW
573,19991228,A009830,KRW
574,19991228,A009840,KRW
575,19991228,A009890,KRW
576,20201207,A009900,KRW
577,19991228,A009940,KRW
578,19991228,A009970,KRW
579,19991228,A010040,KRW
580,19991228,A010050,KRW
581,19991228,A010060,KRW
582,19991228,A010090,KRW
583,19991228,A010100,KRW
584,19991228,A010110,KRW
585,19991228,A010120,KRW
586,19991228,A010130,KRW
587,19991228,A010140,KRW
588,19991228,A010150,KRW
589,19991228,A010170,KRW
590,19991228,A010200,KRW
591,20090512,A010240,KRW
592,20000414,A010280,KRW
593,19991228,A010330,KRW
594,20180914,A010400,KRW
595,19991228,A010420,KRW
596,19991228,A010460,KRW
597,20001024,A010470,KRW
598,19991228,A010510,KRW
599,19991228,A010520,KRW
600,19991228,A010580,KRW
601,19991228,A010600,KRW
602,19991228,A010620,KRW
603,19991228,A010640,KRW
604,19991228,A010660,KRW
605,19991228,A010670,KRW
606,19991228,A010690,KRW
607,19991228,A010730,KRW
608,19991228,A010770,KRW
609,19991228,A010780,KRW
610,19991228,A010810,KRW
611,19991228,A010820,KRW
612,19991228,A010950,KRW
613,20020716,A010960,KRW
614,19991228,A011000,KRW
615,19991228,A011020,KRW
616,19991228,A011040,KRW
617,19991228,A011050,KRW
618,20080724,A011070,KRW
619,20040702,A011080,KRW
620,19991228,A011090,KRW
621,19991228,A011150,KRW
622,19991228,A011160,KRW
623,19991228,A011170,KRW
624,19991228,A011200,KRW
625,20110221,A011210,KRW
626,19991228,A011230,KRW
627,19991228,A011260,KRW
628,19991228,A011280,KRW
629,19991228,A011290,KRW
630,19991228,A011300,KRW
631,19991228,A011320,KRW
632,20000106,A011321,KRW
633,19991228,A011330,KRW
634,19991228,A011370,KRW
635,19991228,A011390,KRW
636,19991228,A011400,KRW
637,19991228,A011420,KRW
638,19991228,A011450,KRW
639,20030109,A011500,KRW
640,19991228,A011510,KRW
641,19991228,A011560,KRW
642,19991228,A011650,KRW
643,19991228,A011690,KRW
644,19991228,A011700,KRW
645,19991228,A011720,KRW
646,19991228,A011760,KRW
647,19991228,A011780,KRW
648,19991228,A011790,KRW
649,19991228,A011800,KRW
650,19991228,A011810,KRW
651,19991228,A011840,KRW
652,19991228,A011870,KRW
653,19991228,A011890,KRW
654,19991228,A011930,KRW
655,19991228,A012010,KRW
656,19991228,A012030,KRW
657,19991228,A012090,KRW
658,20100125,A012160,KRW
659,19991228,A012170,KRW
660,19991228,A012200,KRW
661,19991228,A012250,KRW
662,19991228,A012260,KRW
663,19991228,A012270,KRW
664,19991228,A012280,KRW
665,19991228,A012320,KRW
666,19991228,A012330,KRW
667,19991228,A012340,KRW
668,19991228,A012400,KRW
669,19991228,A012410,KRW
670,19991228,A012420,KRW
671,19991228,A012450,KRW
672,19991228,A012460,KRW
673,19991228,A012510,KRW
674,19991228,A012580,KRW
675,19991228,A012600,KRW
676,19991228,A012610,KRW
677,19991228,A012620,KRW
678,19991228,A012630,KRW
679,19991228,A012650,KRW
680,19991228,A012670,KRW
681,19991228,A012690,KRW
682,19991228,A012700,KRW
683,19991228,A012710,KRW
684,19991228,A012720,KRW
685,19991228,A012750,KRW
686,19991228,A012760,KRW
687,19991228,A012790,KRW
688,19991228,A012800,KRW
689,19991228,A012860,KRW
690,20010718,A012990,KRW
691,19991228,A013000,KRW
692,19991228,A013030,KRW
693,19991228,A013090,KRW
694,19991228,A013120,KRW
695,19991228,A013200,KRW
696,19991228,A013240,KRW
697,19991228,A013250,KRW
698,19991228,A013310,KRW
699,20151222,A013310,KRW
700,19991228,A013320,KRW
701,19991228,A013340,KRW
702,19991228,A013360,KRW
703,19991228,A013450,KRW
704,19991228,A013520,KRW
705,19991228,A013570,KRW
706,19991228,A013580,KRW
707,19991228,A013630,KRW
708,19991228,A013650,KRW
709,19991228,A013700,KRW
710,19991228,A013720,KRW
711,19991228,A013780,KRW
712,19991228,A013781,KRW
713,19991228,A013810,KRW
714,19991228,A013850,KRW
715,20121120,A013870,KRW
716,19991228,A013890,KRW
717,20191030,A013890,KRW
718,19991228,A013900,KRW
719,20020117,A013990,KRW
720,19991228,A014010,KRW
721,19991228,A014040,KRW
722,19991228,A014080,KRW
723,19991228,A014090,KRW
724,19991228,A014100,KRW
725,19991228,A014130,KRW
726,19991228,A014160,KRW
727,19991228,A014190,KRW
728,19991228,A014200,KRW
729,19991228,A014280,KRW
730,19991228,A014300,KRW
731,19991228,A014350,KRW
732,19991228,A014420,KRW
733,19991228,A014440,KRW
734,19991228,A014470,KRW
735,19991228,A014530,KRW
736,20001207,A014570,KRW
737,19991228,A014580,KRW
738,19991228,A014590,KRW
739,20010111,A014620,KRW
740,19991228,A014680,KRW
741,20120629,A014710,KRW
742,19991228,A014740,KRW
743,19991228,A014790,KRW
744,19991228,A014820,KRW
745,20041203,A014830,KRW
746,19991228,A014900,KRW
747,19991228,A014910,KRW
748,20011226,A014940,KRW
749,19991228,A014970,KRW
750,19991228,A014990,KRW
751,19991228,A015020,KRW
752,19991228,A015050,KRW
753,19991228,A015054,KRW
754,19991228,A015060,KRW
755,19991228,A015110,KRW
756,19991228,A015150,KRW
757,20000824,A015170,KRW
758,19991228,A015200,KRW
759,19991228,A015230,KRW
760,19991228,A015260,KRW
761,19991228,A015350,KRW
762,19991228,A015360,KRW
763,20010809,A015390,KRW
764,19991228,A015540,KRW
765,19991228,A015580,KRW
766,19991228,A015590,KRW
767,19991228,A015620,KRW
768,19991228,A015650,KRW
769,19991228,A015670,KRW
770,19991228,A015710,KRW
771,19991228,A015750,KRW
772,19991228,A015760,KRW
773,19991228,A015860,KRW
774,19991228,A015880,KRW
775,19991228,A015890,KRW
776,19991228,A015940,KRW
777,19991228,A016040,KRW
778,19991228,A016090,KRW
779,20030115,A016100,KRW
780,19991228,A016140,KRW
781,19991228,A016160,KRW
782,20010111,A016170,KRW
783,19991228,A016250,KRW
784,19991228,A016360,KRW
785,19991228,A016380,KRW
786,19991228,A016390,KRW
787,19991228,A016420,KRW
788,19991228,A016450,KRW
789,19991228,A016510,KRW
790,19991228,A016550,KRW
791,19991228,A016560,KRW
792,19991228,A016570,KRW
793,19991228,A016580,KRW
794,19991228,A016590,KRW
795,19991228,A016600,KRW
796,19991228,A016601,KRW
797,19991228,A016610,KRW
798,19991228,A016670,KRW
799,19991228,A016710,KRW
800,20160729,A016740,KRW
801,20180601,A016790,KRW
802,19991228,A016800,KRW
803,19991228,A016830,KRW
804,19991228,A016880,KRW
805,19991228,A016890,KRW
806,19991228,A016920,KRW
807,19991228,A016970,KRW
808,20001221,A016990,KRW
809,19991228,A017000,KRW
810,20030128,A017010,KRW
811,19991228,A017040,KRW
812,19991228,A017050,KRW
813,19991228,A017090,KRW
814,19991228,A017120,KRW
815,19991228,A017160,KRW
816,19991228,A017170,KRW
817,20080710,A017180,KRW
818,19991228,A017210,KRW
819,20000120,A017211,KRW
820,19991228,A017250,KRW
821,19991228,A017300,KRW
822,19991228,A017320,KRW
823,20010809,A017370,KRW
824,19991228,A017390,KRW
825,20010109,A017480,KRW
826,19991228,A017510,KRW
827,19991228,A017550,KRW
828,19991228,A017620,KRW
829,19991228,A017650,KRW
830,19991228,A017670,KRW
831,19991228,A017680,KRW
832,19991228,A017740,KRW
833,19991228,A017800,KRW
834,19991228,A017810,KRW
835,19991228,A017890,KRW
836,19991228,A017900,KRW
837,19991228,A017940,KRW
838,19991228,A017960,KRW
839,19991228,A018000,KRW
840,19991228,A018020,KRW
841,19991228,A018120,KRW
842,19991228,A018180,KRW
843,20180322,A018250,KRW
844,20141114,A018260,KRW
845,19991228,A018290,KRW
846,19991228,A018310,KRW
847,19991228,A018360,KRW
848,19991228,A018410,KRW
849,19991228,A018470,KRW
850,19991228,A018500,KRW
851,19991228,A018550,KRW
852,19991228,A018570,KRW
853,19991228,A018590,KRW
854,20080520,A018620,KRW
855,19991228,A018670,KRW
856,20000818,A018680,KRW
857,19991228,A018700,KRW
858,19991228,A018720,KRW
859,19991228,A018880,KRW
860,19991228,A018890,KRW
861,19991228,A019010,KRW
862,19991228,A019120,KRW
863,19991228,A019170,KRW
864,19991228,A019180,KRW
865,19991228,A019210,KRW
866,19991228,A019260,KRW
867,19991228,A019300,KRW
868,19991228,A019430,KRW
869,20110601,A019440,KRW
870,19991228,A019490,KRW
871,19991228,A019540,KRW
872,19991228,A019550,KRW
873,19991228,A019560,KRW
874,19991228,A019570,KRW
875,19991228,A019590,KRW
876,19991228,A019640,KRW
877,19991228,A019660,KRW
878,20040203,A019680,KRW
879,20110624,A019770,KRW
880,19991228,A019930,KRW
881,20060201,A019990,KRW
882,19991228,A020000,KRW
883,19991228,A020070,KRW
884,19991228,A020120,KRW
885,20110304,A020150,KRW
886,19991228,A020180,KRW
887,19991228,A020400,KRW
888,19991228,A020490,KRW
889,19991228,A020560,KRW
890,19991228,A020710,KRW
891,20020109,A020760,KRW
892,19991228,A020860,KRW
893,19991228,A021040,KRW
894,19991228,A021050,KRW
895,20000615,A021060,KRW
896,19991228,A021080,KRW
897,19991228,A021090,KRW
898,19991228,A021240,KRW
899,20010821,A021320,KRW
900,19991228,A021570,KRW
901,20030124,A021650,KRW
902,19991228,A021740,KRW
903,19991228,A021820,KRW
904,19991228,A021880,KRW
905,19991228,A021930,KRW
906,19991228,A021960,KRW
907,19991228,A022060,KRW
908,19991228,A022061,KRW
909,20001128,A022100,KRW
910,19991228,A022220,KRW
911,20060411,A022220,KRW
912,19991228,A022510,KRW
913,20010913,A022520,KRW
914,19991228,A022610,KRW
915,19991228,A022770,KRW
916,19991228,A022780,KRW
917,19991228,A022870,KRW
918,20110722,A023000,KRW
919,20000720,A023020,KRW
920,19991228,A023130,KRW
921,19991228,A023150,KRW
922,19991228,A023160,KRW
923,20110428,A023350,KRW
924,19991228,A023410,KRW
925,19991228,A023420,KRW
926,19991228,A023430,KRW
927,19991228,A023440,KRW
928,19991228,A023450,KRW
929,19991228,A023460,KRW
930,20060209,A023530,KRW
931,19991228,A023590,KRW
932,19991228,A023600,KRW
933,20010111,A023670,KRW
934,19991228,A023760,KRW
935,19991228,A023770,KRW
936,20000216,A023771,KRW
937,19991228,A023780,KRW
938,19991228,A023790,KRW
939,19991228,A023800,KRW
940,19991228,A023810,KRW
941,19991228,A023890,KRW
942,19991228,A023900,KRW
943,19991228,A023910,KRW
944,19991228,A023960,KRW
945,19991228,A024060,KRW
946,19991228,A024070,KRW
947,19991228,A024080,KRW
948,20000817,A024081,KRW
949,19991228,A024090,KRW
950,19991228,A024100,KRW
951,19991228,A024110,KRW
952,19991228,A024120,KRW
953,19991228,A024660,KRW
954,19991228,A024720,KRW
955,19991228,A024740,KRW
956,19991228,A024800,KRW
957,19991228,A024810,KRW
958,20000330,A024811,KRW
959,19991228,A024830,KRW
960,19991228,A024840,KRW
961,20010118,A024850,KRW
962,19991228,A024870,KRW
963,19991228,A024880,KRW
964,19991228,A024890,KRW
965,19991228,A024900,KRW
966,19991228,A024910,KRW
967,19991228,A024920,KRW
968,19991228,A024940,KRW
969,19991228,A024950,KRW
970,19991228,A024951,KRW
971,19991228,A024960,KRW
972,19991228,A025000,KRW
973,19991228,A025080,KRW
974,19991228,A025150,KRW
975,19991228,A025270,KRW
976,19991228,A025320,KRW
977,20000504,A025340,KRW
978,19991228,A025440,KRW
979,19991228,A025450,KRW
980,20000529,A025451,KRW
981,20030129,A025460,KRW
982,19991228,A025530,KRW
983,19991228,A025540,KRW
984,19991228,A025550,KRW
985,19991228,A025560,KRW
986,19991228,A025610,KRW
987,19991228,A025620,KRW
988,19991228,A025690,KRW
989,20031104,A025750,KRW
990,19991228,A025770,KRW
991,19991228,A025820,KRW
992,19991228,A025830,KRW
993,19991228,A025840,KRW
994,19991228,A025850,KRW
995,19991228,A025860,KRW
996,19991228,A025870,KRW
997,19991228,A025880,KRW
998,19991228,A025890,KRW
999,19991228,A025900,KRW
1000,19991228,A025920,KRW
1001,20000630,A025921,KRW
1002,19991228,A025930,KRW
1003,19991228,A025950,KRW
1004,19991228,A025970,KRW
1005,19991228,A025980,KRW
1006,19991228,A025981,KRW
1007,19991228,A026040,KRW
1008,19991228,A026150,KRW
1009,20000808,A026180,KRW
1010,19991228,A026220,KRW
1011,19991228,A026230,KRW
1012,19991228,A026240,KRW
1013,19991228,A026250,KRW
1014,19991228,A026260,KRW
1015,20000620,A026540,KRW
1016,19991228,A026870,KRW
1017,19991228,A026890,KRW
1018,19991228,A026910,KRW
1019,19991228,A026940,KRW
1020,19991228,A026960,KRW
1021,19991228,A026970,KRW
1022,19991228,A027040,KRW
1023,19991228,A027050,KRW
1024,19991228,A027350,KRW
1025,20181121,A027360,KRW
1026,19991228,A027390,KRW
1027,20140519,A027410,KRW
1028,19991228,A027440,KRW
1029,19991228,A027460,KRW
1030,20010111,A027560,KRW
1031,20071001,A027580,KRW
1032,19991228,A027610,KRW
1033,19991228,A027700,KRW
1034,19991228,A027710,KRW
1035,20001207,A027740,KRW
1036,19991228,A027830,KRW
1037,19991228,A027840,KRW
1038,19991228,A027890,KRW
1039,19991228,A027970,KRW
1040,19991228,A028040,KRW
1041,19991228,A028050,KRW
1042,19991228,A028080,KRW
1043,19991228,A028090,KRW
1044,20090612,A028100,KRW
1045,20000120,A028150,KRW
1046,20141218,A028260,KRW
1047,19991228,A028300,KRW
1048,20070921,A028670,KRW
1049,19991228,A029460,KRW
1050,19991228,A029480,KRW
1051,19991228,A029530,KRW
1052,20070627,A029780,KRW
1053,20040618,A029960,KRW
1054,19991228,A030000,KRW
1055,20011204,A030030,KRW
1056,20000516,A030190,KRW
1057,19991228,A030200,KRW
1058,19991228,A030210,KRW
1059,19991228,A030270,KRW
1060,19991228,A030350,KRW
1061,19991228,A030390,KRW
1062,19991228,A030420,KRW
1063,19991228,A030520,KRW
1064,19991228,A030530,KRW
1065,19991228,A030610,KRW
1066,19991228,A030700,KRW
1067,19991228,A030710,KRW
1068,19991228,A030720,KRW
1069,20001226,A030790,KRW
1070,19991228,A030950,KRW
1071,19991228,A030960,KRW
1072,19991228,A030970,KRW
1073,20000209,A030971,KRW
1074,20000704,A031150,KRW
1075,19991228,A031310,KRW
1076,20000523,A031330,KRW
1077,19991228,A031390,KRW
1078,20110714,A031430,KRW
1079,20010731,A031440,KRW
1080,19991228,A031510,KRW
1081,19991228,A031800,KRW
1082,19991228,A031820,KRW
1083,19991228,A031860,KRW
1084,19991228,A031920,KRW
1085,19991228,A031950,KRW
1086,19991228,A031960,KRW
1087,19991228,A031970,KRW
1088,19991228,A031980,KRW
1089,19991228,A031990,KRW
1090,19991228,A032030,KRW
1091,19991228,A032040,KRW
1092,19991228,A032050,KRW
1093,20001026,A032080,KRW
1094,19991228,A032150,KRW
1095,19991228,A032151,KRW
1096,20000418,A032180,KRW
1097,19991228,A032190,KRW
1098,19991228,A032280,KRW
1099,19991228,A032290,KRW
1100,20200810,A032300,KRW
1101,20060608,A032350,KRW
1102,19991228,A032380,KRW
1103,19991228,A032390,KRW
1104,19991228,A032420,KRW
1105,19991228,A032421,KRW
1106,20000321,A032500,KRW
1107,19991228,A032540,KRW
1108,19991228,A032560,KRW
1109,19991228,A032570,KRW
1110,19991228,A032580,KRW
1111,19991228,A032590,KRW
1112,19991228,A032600,KRW
1113,19991228,A032610,KRW
1114,19991228,A032620,KRW
1115,19991228,A032624,KRW
1116,20000921,A032640,KRW
1117,19991228,A032680,KRW
1118,20020422,A032710,KRW
1119,19991228,A032750,KRW
1120,19991228,A032780,KRW
1121,19991228,A032790,KRW
1122,19991228,A032800,KRW
1123,19991228,A032801,KRW
1124,19991228,A032802,KRW
1125,20000622,A032820,KRW
1126,20100512,A032830,KRW
1127,19991228,A032850,KRW
1128,19991228,A032860,KRW
1129,19991228,A032930,KRW
1130,19991228,A032940,KRW
1131,19991228,A032960,KRW
1132,19991228,A032980,KRW
1133,20010510,A033020,KRW
1134,19991228,A033030,KRW
1135,19991228,A033040,KRW
1136,19991228,A033050,KRW
1137,19991228,A033070,KRW
1138,19991228,A033100,KRW
1139,19991228,A033110,KRW
1140,19991228,A033130,KRW
1141,19991228,A033160,KRW
1142,20101126,A033170,KRW
1143,19991228,A033180,KRW
1144,19991228,A033190,KRW
1145,19991228,A033200,KRW
1146,19991228,A033210,KRW
1147,19991228,A033220,KRW
1148,19991228,A033230,KRW
1149,19991228,A033240,KRW
1150,19991228,A033250,KRW
1151,20010201,A033260,KRW
1152,19991228,A033270,KRW
1153,19991228,A033280,KRW
1154,19991228,A033290,KRW
1155,19991228,A033300,KRW
1156,19991228,A033310,KRW
1157,19991228,A033320,KRW
1158,19991228,A033330,KRW
1159,19991228,A033340,KRW
1160,19991228,A033430,KRW
1161,19991228,A033500,KRW
1162,19991228,A033530,KRW
1163,19991228,A033540,KRW
1164,19991228,A033550,KRW
1165,20110126,A033560,KRW
1166,20001121,A033600,KRW
1167,19991228,A033630,KRW
1168,19991228,A033640,KRW
1169,20090625,A033660,KRW
1170,20000627,A033720,KRW
1171,19991228,A033780,KRW
1172,20010626,A033790,KRW
1173,20101129,A033830,KRW
1174,19991228,A033850,KRW
1175,19991228,A033880,KRW
1176,19991228,A033920,KRW
1177,20000427,A034010,KRW
1178,20001025,A034020,KRW
1179,19991228,A034120,KRW
1180,19991228,A034121,KRW
1181,19991228,A034190,KRW
1182,20040723,A034220,KRW
1183,20021105,A034230,KRW
1184,19991228,A034260,KRW
1185,19991228,A034270,KRW
1186,19991228,A034280,KRW
1187,19991228,A034290,KRW
1188,19991228,A034300,KRW
1189,20040204,A034310,KRW
1190,19991228,A034320,KRW
1191,19991228,A034330,KRW
1192,19991228,A034340,KRW
1193,19991228,A034350,KRW
1194,19991228,A034430,KRW
1195,19991228,A034440,KRW
1196,19991228,A034450,KRW
1197,19991228,A034460,KRW
1198,19991228,A034470,KRW
1199,20000414,A034510,KRW
1200,19991228,A034560,KRW
1201,19991228,A034570,KRW
1202,19991228,A034580,KRW
1203,20061107,A034590,KRW
1204,19991228,A034600,KRW
1205,19991228,A034650,KRW
1206,19991228,A034660,KRW
1207,20091111,A034730,KRW
1208,19991228,A034750,KRW
1209,19991228,A034760,KRW
1210,19991228,A034770,KRW
1211,19991228,A034810,KRW
1212,19991228,A034820,KRW
1213,20010522,A034830,KRW
1214,19991228,A034840,KRW
1215,19991228,A034850,KRW
1216,19991228,A034920,KRW
1217,19991228,A034940,KRW
1218,20020207,A034950,KRW
1219,19991228,A034960,KRW
1220,19991228,A034970,KRW
1221,20000713,A034980,KRW
1222,19991228,A034990,KRW
1223,19991228,A035000,KRW
1224,19991228,A035010,KRW
1225,19991228,A035030,KRW
1226,19991228,A035040,KRW
1227,19991228,A035050,KRW
1228,19991228,A035080,KRW
1229,19991228,A035150,KRW
1230,19991228,A035160,KRW
1231,20020115,A035200,KRW
1232,19991228,A035210,KRW
1233,20011025,A035250,KRW
1234,19991228,A035270,KRW
1235,19991228,A035290,KRW
1236,19991228,A035300,KRW
1237,19991228,A035310,KRW
1238,19991228,A035320,KRW
1239,19991228,A035330,KRW
1240,19991228,A035340,KRW
1241,19991228,A035400,KRW
1242,19991228,A035410,KRW
1243,20021029,A035420,KRW
1244,19991228,A035430,KRW
1245,19991228,A035450,KRW
1246,19991228,A035460,KRW
1247,19991228,A035470,KRW
1248,19991228,A035480,KRW
1249,19991228,A035500,KRW
1250,20001116,A035510,KRW
1251,19991228,A035520,KRW
1252,19991228,A035530,KRW
1253,19991228,A035540,KRW
1254,19991228,A035590,KRW
1255,20021122,A035600,KRW
1256,19991228,A035610,KRW
1257,19991228,A035620,KRW
1258,19991228,A035670,KRW
1259,19991228,A035680,KRW
1260,19991228,A035700,KRW
1261,19991228,A035710,KRW
1262,19991228,A035720,KRW
1263,19991228,A035760,KRW
1264,20000113,A035780,KRW
1265,19991228,A035790,KRW
1266,19991228,A035810,KRW
1267,19991228,A035820,KRW
1268,19991228,A035830,KRW
1269,19991228,A035860,KRW
1270,20000627,A035870,KRW
1271,19991228,A035880,KRW
1272,19991228,A035890,KRW
1273,20010830,A035900,KRW
1274,19991228,A035910,KRW
1275,19991228,A035930,KRW
1276,19991228,A035940,KRW
1277,19991228,A035950,KRW
1278,19991228,A035960,KRW
1279,19991228,A035970,KRW
1280,19991228,A035980,KRW
1281,19991228,A036000,KRW
1282,20020703,A036010,KRW
1283,19991228,A036020,KRW
1284,19991228,A036030,KRW
1285,19991228,A036040,KRW
1286,19991228,A036060,KRW
1287,19991228,A036090,KRW
1288,19991228,A036120,KRW
1289,19991228,A036170,KRW
1290,19991228,A036180,KRW
1291,20001226,A036190,KRW
1292,19991228,A036200,KRW
1293,19991228,A036210,KRW
1294,20070605,A036220,KRW
1295,19991228,A036260,KRW
1296,20000120,A036270,KRW
1297,19991228,A036280,KRW
1298,19991228,A036300,KRW
1299,19991228,A036310,KRW
1300,19991228,A036330,KRW
1301,20010118,A036360,KRW
1302,19991228,A036390,KRW
1303,19991228,A036400,KRW
1304,20000323,A036420,KRW
1305,19991228,A036430,KRW
1306,19991228,A036440,KRW
1307,19991228,A036460,KRW
1308,20000404,A036480,KRW
1309,19991228,A036490,KRW
1310,19991228,A036500,KRW
1311,20000307,A036530,KRW
1312,20010502,A036540,KRW
1313,20030107,A036550,KRW
1314,19991228,A036560,KRW
1315,20000711,A036570,KRW
1316,19991228,A036580,KRW
1317,20010510,A036590,KRW
1318,20000111,A036600,KRW
1319,19991228,A036610,KRW
1320,20000111,A036620,KRW
1321,20000104,A036630,KRW
1322,20000530,A036640,KRW
1323,19991228,A036650,KRW
1324,20000615,A036660,KRW
1325,20010103,A036670,KRW
1326,20000118,A036690,KRW
1327,20000104,A036710,KRW
1328,20011108,A036720,KRW
1329,19991228,A036760,KRW
1330,19991228,A036780,KRW
1331,19991228,A036790,KRW
1332,20000503,A036800,KRW
1333,20000118,A036810,KRW
1334,19991228,A036820,KRW
1335,20000118,A036830,KRW
1336,19991228,A036840,KRW
1337,19991228,A036850,KRW
1338,19991228,A036870,KRW
1339,19991228,A036880,KRW
1340,20000720,A036890,KRW
1341,20000111,A036900,KRW
1342,19991228,A036910,KRW
1343,19991228,A036920,KRW
1344,19991228,A036930,KRW
1345,19991228,A036950,KRW
1346,19991228,A036960,KRW
1347,19991228,A036970,KRW
1348,19991228,A037010,KRW
1349,19991228,A037020,KRW
1350,19991228,A037030,KRW
1351,20180607,A037030,KRW
1352,19991228,A037040,KRW
1353,20010814,A037060,KRW
1354,20000104,A037070,KRW
1355,20000711,A037110,KRW
1356,19991228,A037120,KRW
1357,19991228,A037150,KRW
1358,20000128,A037180,KRW
1359,20000128,A037190,KRW
1360,19991228,A037200,KRW
1361,19991228,A037220,KRW
1362,19991228,A037230,KRW
1363,19991228,A037240,KRW
1364,19991228,A037250,KRW
1365,20030801,A037270,KRW
1366,20000229,A037280,KRW
1367,20020917,A037320,KRW
1368,19991228,A037330,KRW
1369,19991228,A037340,KRW
1370,20000111,A037350,KRW
1371,20000112,A037360,KRW
1372,20000111,A037370,KRW
1373,20000127,A037380,KRW
1374,19991228,A037400,KRW
1375,19991228,A037410,KRW
1376,19991228,A037430,KRW
1377,20000203,A037440,KRW
1378,19991228,A037460,KRW
1379,20000128,A037480,KRW
1380,20000128,A037490,KRW
1381,20000225,A037500,KRW
1382,20000225,A037510,KRW
1383,19991228,A037520,KRW
1384,19991228,A037530,KRW
1385,19991228,A037540,KRW
1386,20020117,A037550,KRW
1387,20121109,A037560,KRW
1388,19991228,A037600,KRW
1389,20060215,A037620,KRW
1390,19991228,A037630,KRW
1391,19991228,A037640,KRW
1392,19991228,A037650,KRW
1393,20000112,A037670,KRW
1394,19991228,A037700,KRW
1395,20020207,A037710,KRW
1396,20000725,A037730,KRW
1397,20000303,A037740,KRW
1398,20001109,A037750,KRW
1399,20000407,A037760,KRW
1400,20000225,A037770,KRW
1401,20000225,A037780,KRW
1402,20020205,A037830,KRW
1403,20000824,A037950,KRW
1404,20000111,A038010,KRW
1405,20000112,A038020,KRW
1406,20000225,A038030,KRW
1407,20020110,A038050,KRW
1408,20060808,A038060,KRW
1409,20051025,A038070,KRW
1410,20000113,A038100,KRW
1411,20000323,A038110,KRW
1412,20000824,A038120,KRW
1413,20160801,A038160,KRW
1414,20000118,A038270,KRW
1415,20000317,A038280,KRW
1416,20000222,A038290,KRW
1417,20000128,A038310,KRW
1418,20020423,A038320,KRW
1419,20011122,A038340,KRW
1420,20000317,A038370,KRW
1421,20000225,A038380,KRW
1422,20000201,A038390,KRW
1423,20011221,A038400,KRW
1424,20060725,A038410,KRW
1425,20000808,A038420,KRW
1426,20000622,A038460,KRW
1427,20000317,A038480,KRW
1428,20010201,A038500,KRW
1429,20000303,A038520,KRW
1430,20000609,A038530,KRW
1431,20000818,A038540,KRW
1432,20000331,A038580,KRW
1433,20000504,A038620,KRW
1434,20000427,A038680,KRW
1435,20000629,A038690,KRW
1436,20020219,A038710,KRW
1437,20010118,A038720,KRW
1438,20000331,A038760,KRW
1439,20000317,A038770,KRW
1440,20000509,A038810,KRW
1441,20000831,A038830,KRW
1442,20010529,A038870,KRW
1443,20000427,A038880,KRW
1444,20000706,A038920,KRW
1445,20000331,A038940,KRW
1446,20000504,A038950,KRW
1447,20010515,A038960,KRW
1448,20000704,A038980,KRW
1449,20000523,A038990,KRW
1450,20020131,A039000,KRW
1451,20000720,A039010,KRW
1452,20000504,A039020,KRW
1453,20000824,A039030,KRW
1454,20000321,A039040,KRW
1455,20000317,A039050,KRW
1456,20010619,A039060,KRW
1457,20010828,A039110,KRW
1458,20001128,A039130,KRW
1459,20000421,A039160,KRW
1460,20000331,A039170,KRW
1461,20000317,A039180,KRW
1462,20070117,A039200,KRW
1463,20000421,A039210,KRW
1464,20000421,A039220,KRW
1465,20000622,A039230,KRW
1466,20000307,A039240,KRW
1467,20000421,A039270,KRW
1468,20000317,A039280,KRW
1469,20060704,A039290,KRW
1470,20000609,A039310,KRW
1471,20040730,A039340,KRW
1472,20001207,A039350,KRW
1473,20000421,A039370,KRW
1474,20000317,A039380,KRW
1475,20000725,A039390,KRW
1476,20020312,A039420,KRW
1477,20020228,A039440,KRW
1478,20040423,A039490,KRW
1479,20000316,A039500,KRW
1480,20000317,A039520,KRW
1481,20000321,A039530,KRW
1482,20000331,A039540,KRW
1483,20000622,A039560,KRW
1484,20150924,A039570,KRW
1485,20000706,A039580,KRW
1486,20000316,A039610,KRW
1487,20040116,A039670,KRW
1488,20000421,A039720,KRW
1489,20000706,A039740,KRW
1490,20000725,A039790,KRW
1491,20010103,A039830,KRW
1492,20000629,A039840,KRW
1493,20000711,A039850,KRW
1494,20000816,A039860,KRW
1495,20000818,A039870,KRW
1496,20000421,A039920,KRW
1497,20020813,A039980,KRW
1498,20000613,A039990,KRW
1499,20000713,A040020,KRW
1500,20000503,A040130,KRW
1501,20000829,A040160,KRW
1502,20000720,A040180,KRW
1503,20000428,A040260,KRW
1504,20000428,A040270,KRW
1505,20010904,A040300,KRW
1506,20020110,A040350,KRW
1507,20000421,A040380,KRW
1508,20000801,A040420,KRW
1509,20000421,A040520,KRW
1510,20000427,A040610,KRW
1511,20000818,A040670,KRW
1512,20040128,A040740,KRW
1513,20001205,A040750,KRW
1514,20000627,A040780,KRW
1515,20000428,A040860,KRW
1516,20110805,A040910,KRW
1517,20000515,A040940,KRW
1518,20000515,A040950,KRW
1519,20051028,A041020,KRW
1520,20000530,A041030,KRW
1521,20000607,A041060,KRW
1522,20000725,A041140,KRW
1523,20000609,A041190,KRW
1524,20000509,A041310,KRW
1525,20000808,A041320,KRW
1526,20031114,A041440,KRW
1527,20000720,A041450,KRW
1528,20101119,A041460,KRW
1529,20010116,A041500,KRW
1530,20000427,A041510,KRW
1531,20030704,A041520,KRW
1532,20000711,A041550,KRW
1533,20021101,A041590,KRW
1534,20020115,A041630,KRW
1535,20011115,A041650,KRW
1536,20011213,A041800,KRW
1537,20001214,A041830,KRW
1538,20040206,A041910,KRW
1539,20130701,A041920,KRW
1540,20011226,A041930,KRW
1541,20010724,A041940,KRW
1542,20011030,A041960,KRW
1543,20180208,A042000,KRW
1544,20030107,A042040,KRW
1545,20020726,A042100,KRW
1546,20000713,A042110,KRW
1547,20000526,A042300,KRW
1548,20000616,A042310,KRW
1549,20000622,A042340,KRW
1550,20000803,A042370,KRW
1551,20000627,A042420,KRW
1552,20000616,A042460,KRW
1553,20000719,A042470,KRW
1554,20020110,A042500,KRW
1555,20010103,A042510,KRW
1556,20091009,A042520,KRW
1557,20001019,A042570,KRW
1558,20021001,A042600,KRW
1559,20010202,A042660,KRW
1560,20010202,A042670,KRW
1561,20050722,A042700,KRW
1562,20000711,A042820,KRW
1563,20000627,A042870,KRW
1564,20001019,A042940,KRW
1565,20000616,A042950,KRW
1566,20000711,A042960,KRW
1567,20000616,A043040,KRW
1568,20011011,A043090,KRW
1569,20000808,A043100,KRW
1570,20060929,A043150,KRW
1571,20000719,A043200,KRW
1572,20010703,A043220,KRW
1573,20011129,A043260,KRW
1574,20111025,A043290,KRW
1575,20000829,A043340,KRW
1576,20000616,A043350,KRW
1577,20010720,A043360,KRW
1578,20011213,A043370,KRW
1579,20000616,A043380,KRW
1580,20000616,A043400,KRW
1581,20010802,A043580,KRW
1582,20011220,A043590,KRW
1583,20000720,A043610,KRW
1584,20000704,A043630,KRW
1585,20000824,A043650,KRW
1586,20000727,A043680,KRW
1587,20010628,A043690,KRW
1588,20000616,A043700,KRW
1589,20020711,A043710,KRW
1590,20000615,A043790,KRW
1591,20000810,A043890,KRW
1592,20051118,A043910,KRW
1593,20010118,A044060,KRW
1594,20041119,A044070,KRW
1595,20001116,A044180,KRW
1596,20000630,A044240,KRW
1597,20001024,A044340,KRW
1598,20000713,A044370,KRW
1599,20061115,A044380,KRW
1600,20000630,A044400,KRW
1601,20000710,A044410,KRW
1602,20000803,A044440,KRW
1603,20071026,A044450,KRW
1604,20010111,A044480,KRW
1605,20011108,A044490,KRW
1606,20011228,A044570,KRW
1607,20010111,A044640,KRW
1608,20000630,A044740,KRW
1609,20000630,A044750,KRW
1610,20000629,A044770,KRW
1611,20000907,A044780,KRW
1612,20020207,A044820,KRW
1613,20000710,A044890,KRW
1614,20001116,A044960,KRW
1615,20151210,A044990,KRW
1616,20010802,A045050,KRW
1617,20000810,A045060,KRW
1618,20000710,A045070,KRW
1619,20000724,A045080,KRW
1620,20000630,A045090,KRW
1621,20000831,A045100,KRW
1622,20010807,A045240,KRW
1623,20011108,A045260,KRW
1624,20000710,A045280,KRW
1625,20040106,A045290,KRW
1626,20011218,A045300,KRW
1627,20020110,A045310,KRW
1628,20020719,A045340,KRW
1629,20001207,A045380,KRW
1630,20010517,A045390,KRW
1631,20010817,A045400,KRW
1632,20000727,A045470,KRW
1633,20000907,A045510,KRW
1634,20001205,A045520,KRW
1635,20000710,A045550,KRW
1636,20010524,A045660,KRW
1637,20060703,A045710,KRW
1638,20020423,A045760,KRW
1639,20000724,A045790,KRW
1640,20000718,A045800,KRW
1641,20081127,A045820,KRW
1642,20000724,A045860,KRW
1643,20000814,A045870,KRW
1644,20020207,A045880,KRW
1645,20051128,A045890,KRW
1646,20001006,A045920,KRW
1647,20000803,A045970,KRW
1648,20010111,A046000,KRW
1649,20001226,A046070,KRW
1650,20060120,A046110,KRW
1651,20100615,A046120,KRW
1652,20030205,A046140,KRW
1653,20000816,A046210,KRW
1654,20001107,A046240,KRW
1655,20020205,A046310,KRW
1656,20010410,A046320,KRW
1657,20000824,A046350,KRW
1658,20010111,A046390,KRW
1659,20021001,A046400,KRW
1660,20020523,A046430,KRW
1661,20041214,A046440,KRW
1662,20000731,A046520,KRW
1663,20021010,A046720,KRW
1664,20000818,A046810,KRW
1665,20000904,A046820,KRW
1666,20010710,A046840,KRW
1667,20020117,A046890,KRW
1668,20000818,A046930,KRW
1669,20020618,A046940,KRW
1670,20121127,A046970,KRW
1671,20010323,A047040,KRW
1672,20010323,A047050,KRW
1673,20000908,A047060,KRW
1674,20020110,A047080,KRW
1675,20030725,A047310,KRW
1676,20010529,A047370,KRW
1677,20090929,A047400,KRW
1678,20020719,A047420,KRW
1679,20011120,A047440,KRW
1680,20001123,A047450,KRW
1681,20080701,A047560,KRW
1682,20010111,A047600,KRW
1683,20001212,A047610,KRW
1684,20010720,A047710,KRW
1685,20010510,A047730,KRW
1686,20010918,A047770,KRW
1687,20110630,A047810,KRW
1688,20021224,A047820,KRW
1689,20000925,A047890,KRW
1690,20151221,A047920,KRW
1691,20010621,A047940,KRW
1692,20011122,A048130,KRW
1693,20010426,A048140,KRW
1694,20021105,A048150,KRW
1695,20070207,A048260,KRW
1696,20030124,A048270,KRW
1697,20020808,A048410,KRW
1698,20010111,A048430,KRW
1699,20001214,A048460,KRW
1700,20020110,A048470,KRW
1701,20010614,A048510,KRW
1702,20110126,A048530,KRW
1703,20010731,A048540,KRW
1704,20010118,A048550,KRW
1705,20010109,A048640,KRW
1706,20000925,A048660,KRW
1707,20001012,A048760,KRW
1708,20010116,A048770,KRW
1709,20001012,A048830,KRW
1710,20040813,A048870,KRW
1711,20010731,A048910,KRW
1712,20010103,A049000,KRW
1713,20020221,A049070,KRW
1714,20131219,A049080,KRW
1715,20010726,A049120,KRW
1716,20020122,A049130,KRW
1717,20020523,A049180,KRW
1718,20020205,A049370,KRW
1719,20010116,A049430,KRW
1720,20011011,A049470,KRW
1721,20010109,A049480,KRW
1722,20010802,A049520,KRW
1723,20020228,A049550,KRW
1724,20030124,A049630,KRW
1725,20020108,A049690,KRW
1726,20020131,A049720,KRW
1727,20001123,A049770,KRW
1728,20010213,A049790,KRW
1729,20010726,A049800,KRW
1730,20010118,A049830,KRW
1731,20001204,A049850,KRW
1732,20050104,A049950,KRW
1733,20021213,A049960,KRW
1734,20001106,A049990,KRW
1735,20001221,A050050,KRW
1736,20040629,A050090,KRW
1737,20010517,A050110,KRW
1738,20020425,A050120,KRW
1739,20020115,A050320,KRW
1740,20001218,A050350,KRW
1741,20020423,A050470,KRW
1742,20051212,A050540,KRW
1743,20010621,A050600,KRW
1744,20050805,A050640,KRW
1745,20020516,A050760,KRW
1746,20100126,A050860,KRW
1747,20050708,A050890,KRW
1748,20161011,A050960,KRW
1749,20010205,A051070,KRW
1750,20020528,A051160,KRW
1751,20011023,A051170,KRW
1752,20071129,A051310,KRW
1753,20041119,A051360,KRW
1754,20030122,A051370,KRW
1755,20020215,A051380,KRW
1756,20011115,A051390,KRW
1757,20010612,A051490,KRW
1758,20010726,A051500,KRW
1759,20010703,A051530,KRW
1760,20071214,A051600,KRW
1761,20010129,A051630,KRW
1762,20040618,A051710,KRW
1763,20010626,A051780,KRW
1764,20010718,A051810,KRW
1765,20051111,A051820,KRW
1766,20010425,A051900,KRW
1767,20010425,A051910,KRW
1768,20010402,A051960,KRW
1769,20010731,A051980,KRW
1770,20010305,A051990,KRW
1771,20010705,A052020,KRW
1772,20010621,A052190,KRW
1773,20021223,A052210,KRW
1774,20050121,A052220,KRW
1775,20010517,A052260,KRW
1776,20010605,A052270,KRW
1777,20010531,A052290,KRW
1778,20010802,A052300,KRW
1779,20010524,A052310,KRW
1780,20010710,A052330,KRW
1781,20010720,A052350,KRW
1782,20011018,A052400,KRW
1783,20010807,A052420,KRW
1784,20050103,A052460,KRW
1785,20011218,A052510,KRW
1786,20010312,A052520,KRW
1787,20010402,A052530,KRW
1788,20010402,A052540,KRW
1789,20010710,A052560,KRW
1790,20010710,A052600,KRW
1791,20010731,A052640,KRW
1792,20011218,A052650,KRW
1793,20020124,A052670,KRW
1794,20091214,A052690,KRW
1795,20030801,A052710,KRW
1796,20020822,A052770,KRW
1797,20010814,A052790,KRW
1798,20011213,A052810,KRW
1799,20091006,A052860,KRW
1800,20010724,A052880,KRW
1801,20050118,A052900,KRW
1802,20020716,A052970,KRW
1803,20020624,A053000,KRW
1804,20010807,A053030,KRW
1805,20010809,A053040,KRW
1806,20011011,A053050,KRW
1807,20010817,A053060,KRW
1808,20010807,A053070,KRW
1809,20200924,A053080,KRW
1810,20011009,A053110,KRW
1811,20011030,A053160,KRW
1812,20020110,A053170,KRW
1813,20011226,A053200,KRW
1814,20110603,A053210,KRW
1815,20010720,A053250,KRW
1816,20020104,A053260,KRW
1817,20020207,A053270,KRW
1818,20080507,A053280,KRW
1819,20021210,A053290,KRW
1820,20140204,A053300,KRW
1821,20020104,A053320,KRW
1822,20011101,A053330,KRW
1823,20011115,A053350,KRW
1824,20010821,A053440,KRW
1825,20010809,A053450,KRW
1826,20010731,A053470,KRW
1827,20010409,A053530,KRW
1828,20190125,A053580,KRW
1829,20010823,A053590,KRW
1830,20010817,A053610,KRW
1831,20010807,A053620,KRW
1832,20020215,A053660,KRW
1833,20090623,A053690,KRW
1834,20011106,A053700,KRW
1835,20030321,A053740,KRW
1836,20010913,A053800,KRW
1837,20020719,A053810,KRW
1838,20011213,A053870,KRW
1839,20020507,A053890,KRW
1840,20011106,A053950,KRW
1841,20011113,A053960,KRW
1842,20020409,A053980,KRW
1843,20011023,A054010,KRW
1844,20020507,A054020,KRW
1845,20020115,A054040,KRW
1846,20020402,A054050,KRW
1847,20011009,A054080,KRW
1848,20040206,A054090,KRW
1849,20020618,A054120,KRW
1850,20011108,A054150,KRW
1851,20011011,A054170,KRW
1852,20011016,A054180,KRW
1853,20020509,A054210,KRW
1854,20011226,A054220,KRW
1855,20011220,A054250,KRW
1856,20020110,A054300,KRW
1857,20020110,A054340,KRW
1858,20011120,A054370,KRW
1859,20020425,A054410,KRW
1860,20011122,A054440,KRW
1861,20041210,A054450,KRW
1862,20010828,A054530,KRW
1863,20011115,A054540,KRW
1864,20011204,A054620,KRW
1865,20011113,A054630,KRW
1866,20020110,A054650,KRW
1867,20020226,A054670,KRW
1868,20031114,A054780,KRW
1869,20011206,A054790,KRW
1870,20010927,A054800,KRW
1871,20011101,A054920,KRW
1872,20020115,A054930,KRW
1873,20011213,A054940,KRW
1874,20060607,A054950,KRW
1875,20011218,A055000,KRW
1876,20011206,A055250,KRW
1877,20171031,A055490,KRW
1878,20010910,A055550,KRW
1879,20031107,A055810,KRW
1880,20030801,A055970,KRW
1881,20030711,A056000,KRW
1882,20020813,A056010,KRW
1883,20030704,A056020,KRW
1884,20020115,A056060,KRW
1885,20011113,A056080,KRW
1886,20151112,A056090,KRW
1887,20011220,A056140,KRW
1888,20011218,A056190,KRW
1889,20020129,A056200,KRW
1890,20021108,A056340,KRW
1891,20011204,A056360,KRW
1892,20020604,A056500,KRW
1893,20011213,A056700,KRW
1894,20020110,A056710,KRW
1895,20020104,A056730,KRW
1896,20020115,A056810,KRW
1897,20011220,A056850,KRW
1898,20040608,A057030,KRW
1899,20100913,A057050,KRW
1900,20021115,A057100,KRW
1901,20020110,A057110,KRW
1902,20011220,A057330,KRW
1903,20011226,A057500,KRW
1904,20070919,A057540,KRW
1905,20020618,A057680,KRW
1906,20031229,A057880,KRW
1907,20151214,A058110,KRW
1908,20050805,A058220,KRW
1909,20020219,A058370,KRW
1910,20101103,A058400,KRW
1911,20020110,A058420,KRW
1912,20020816,A058430,KRW
1913,20020117,A058450,KRW
1914,20011218,A058470,KRW
1915,20020115,A058480,KRW
1916,20020205,A058530,KRW
1917,20020507,A058550,KRW
1918,20020723,A058610,KRW
1919,20081219,A058630,KRW
1920,20010730,A058650,KRW
1921,20020611,A058680,KRW
1922,20031229,A058690,KRW
1923,20040802,A058730,KRW
1924,20010831,A058820,KRW
1925,20100916,A058850,KRW
1926,20101217,A058860,KRW
1927,20041029,A058900,KRW
1928,20010806,A058910,KRW
1929,20160428,A058970,KRW
1930,20020115,A059090,KRW
1931,20081216,A059100,KRW
1932,20130701,A059120,KRW
1933,20080415,A059210,KRW
1934,20020117,A059720,KRW
1935,20011109,A060000,KRW
1936,20020614,A060150,KRW
1937,20020625,A060230,KRW
1938,20020104,A060240,KRW
1939,20020108,A060250,KRW
1940,20020205,A060260,KRW
1941,20020703,A060280,KRW
1942,20020110,A060300,KRW
1943,20020423,A060310,KRW
1944,20020215,A060370,KRW
1945,20020205,A060380,KRW
1946,20020507,A060410,KRW
1947,20141229,A060480,KRW
1948,20061128,A060540,KRW
1949,20020228,A060550,KRW
1950,20020711,A060560,KRW
1951,20031219,A060570,KRW
1952,20011004,A060580,KRW
1953,20020221,A060590,KRW
1954,20020221,A060660,KRW
1955,20030617,A060670,KRW
1956,20020521,A060720,KRW
1957,20020411,A060750,KRW
1958,20020207,A060840,KRW
1959,20200812,A060850,KRW
1960,20020917,A060900,KRW
1961,20021213,A060910,KRW
1962,20100519,A060980,KRW
1963,20020516,A061040,KRW
1964,20030106,A061050,KRW
1965,20041029,A061140,KRW
1966,20020418,A061250,KRW
1967,20020411,A061460,KRW
1968,20110131,A061970,KRW
1969,20151221,A062580,KRW
1970,20030523,A062730,KRW
1971,20060725,A062860,KRW
1972,20191226,A062970,KRW
1973,20090730,A063080,KRW
1974,20011211,A063160,KRW
1975,20080701,A063170,KRW
1976,20060704,A063280,KRW
1977,20030917,A063350,KRW
1978,20020530,A063440,KRW
1979,20011224,A063510,KRW
1980,20060714,A063570,KRW
1981,20011214,A063680,KRW
1982,20150428,A063760,KRW
1983,20131112,A063840,KRW
1984,20020730,A064060,KRW
1985,20021217,A064090,KRW
1986,20030611,A064240,KRW
1987,20040723,A064260,KRW
1988,20110105,A064290,KRW
1989,20131030,A064350,KRW
1990,20020621,A064420,KRW
1991,20080604,A064480,KRW
1992,20180315,A064510,KRW
1993,20021204,A064520,KRW
1994,20051229,A064550,KRW
1995,20030704,A064720,KRW
1996,20030818,A064760,KRW
1997,20020822,A064800,KRW
1998,20070529,A064820,KRW
1999,20130701,A064850,KRW
2000,20020130,A064900,KRW
2001,20020128,A064910,KRW
2002,20020311,A064960,KRW
2003,20020528,A065060,KRW
2004,20030129,A065130,KRW
2005,20070718,A065150,KRW
2006,20020730,A065160,KRW
2007,20021119,A065170,KRW
2008,20020618,A065180,KRW
2009,20021023,A065270,KRW
2010,20020719,A065310,KRW
2011,20020926,A065340,KRW
2012,20040806,A065350,KRW
2013,20180402,A065370,KRW
2014,20020801,A065410,KRW
2015,20020822,A065420,KRW
2016,20030128,A065440,KRW
2017,20030205,A065450,KRW
2018,20020919,A065500,KRW
2019,20031031,A065510,KRW
2020,20020604,A065530,KRW
2021,20030701,A065560,KRW
2022,20030121,A065570,KRW
2023,20021206,A065610,KRW
2024,20020627,A065620,KRW
2025,20030121,A065650,KRW
2026,20160215,A065660,KRW
2027,20040102,A065680,KRW
2028,20020716,A065690,KRW
2029,20020716,A065710,KRW
2030,20040604,A065770,KRW
2031,20030212,A065810,KRW
2032,20030110,A065910,KRW
2033,20030107,A065940,KRW
2034,20030729,A065950,KRW
2035,20020318,A066030,KRW
2036,20020816,A066060,KRW
2037,20020716,A066110,KRW
2038,20030211,A066130,KRW
2039,20030611,A066200,KRW
2040,20031107,A066270,KRW
2041,20020925,A066300,KRW
2042,20061124,A066310,KRW
2043,20020517,A066330,KRW
2044,20030207,A066340,KRW
2045,20030121,A066350,KRW
2046,20171204,A066360,KRW
2047,20031219,A066410,KRW
2048,20021224,A066430,KRW
2049,20021105,A066480,KRW
2050,20020422,A066570,KRW
2051,20030212,A066590,KRW
2052,20020905,A066620,KRW
2053,20021230,A066670,KRW
2054,20081006,A066690,KRW
2055,20040527,A066700,KRW
2056,20030530,A066790,KRW
2057,20160718,A066830,KRW
2058,20030806,A066850,KRW
2059,20040514,A066900,KRW
2060,20050107,A066910,KRW
2061,20030124,A066930,KRW
2062,20030102,A066970,KRW
2063,20030117,A066980,KRW
2064,20080530,A067000,KRW
2065,20071218,A067010,KRW
2066,20030214,A067080,KRW
2067,20020617,A067130,KRW
2068,20031219,A067160,KRW
2069,20031114,A067170,KRW
2070,20031027,A067250,KRW
2071,20061116,A067280,KRW
2072,20030211,A067290,KRW
2073,20051011,A067310,KRW
2074,20160122,A067370,KRW
2075,20141224,A067390,KRW
2076,20020506,A067410,KRW
2077,20131203,A067570,KRW
2078,20081125,A067630,KRW
2079,20020520,A067700,KRW
2080,20150729,A067730,KRW
2081,20040109,A067770,KRW
2082,20020725,A067830,KRW
2083,20051005,A067850,KRW
2084,20051223,A067900,KRW
2085,20020530,A067910,KRW
2086,20100804,A067920,KRW
2087,20040126,A067950,KRW
2088,20041203,A067990,KRW
2089,20060707,A068050,KRW
2090,20030128,A068060,KRW
2091,20030721,A068150,KRW
2092,20100914,A068240,KRW
2093,20050719,A068270,KRW
2094,20020805,A068290,KRW
2095,20071226,A068330,KRW
2096,20120727,A068400,KRW
2097,20030701,A068420,KRW
2098,20051027,A068630,KRW
2099,20060203,A068760,KRW
2100,20050520,A068770,KRW
2101,20041001,A068790,KRW
2102,20020816,A068870,KRW
2103,20031017,A068930,KRW
2104,20101019,A068940,KRW
2105,20030523,A069080,KRW
2106,20031014,A069110,KRW
2107,20101026,A069140,KRW
2108,20021007,A069260,KRW
2109,20030818,A069330,KRW
2110,20070620,A069410,KRW
2111,20021111,A069460,KRW
2112,20021111,A069470,KRW
2113,20031114,A069510,KRW
2114,20040213,A069540,KRW
2115,20021101,A069620,KRW
2116,20110621,A069640,KRW
2117,20030128,A069730,KRW
2118,20071205,A069920,KRW
2119,20021125,A069960,KRW
2120,20021213,A070080,KRW
2121,20100609,A070300,KRW
2122,20070522,A070480,KRW
2123,20021111,A070540,KRW
2124,20040108,A070590,KRW
2125,20160527,A070960,KRW
2126,20030721,A071050,KRW
2127,20030217,A071090,KRW
2128,20100526,A071200,KRW
2129,20031114,A071280,KRW
2130,20100129,A071320,KRW
2131,20031024,A071360,KRW
2132,20160714,A071460,KRW
2133,20040217,A071530,KRW
2134,20051018,A071660,KRW
2135,20090417,A071670,KRW
2136,20110629,A071840,KRW
2137,20140527,A071850,KRW
2138,20040116,A071930,KRW
2139,20050804,A071950,KRW
2140,20090515,A071970,KRW
2141,20031031,A072020,KRW
2142,20030701,A072130,KRW
2143,20031229,A072430,KRW
2144,20030513,A072450,KRW
2145,20031028,A072470,KRW
2146,20041029,A072520,KRW
2147,20031205,A072530,KRW
2148,20030730,A072710,KRW
2149,20070725,A072770,KRW
2150,20041221,A072870,KRW
2151,20120321,A072950,KRW
2152,20161017,A072990,KRW
2153,20041217,A073010,KRW
2154,20040128,A073070,KRW
2155,20071012,A073110,KRW
2156,20050119,A073130,KRW
2157,20040206,A073190,KRW
2158,20050217,A073240,KRW
2159,20030829,A073470,KRW
2160,20050204,A073490,KRW
2161,20030829,A073530,KRW
2162,20070518,A073540,KRW
2163,20160727,A073560,KRW
2164,20040106,A073570,KRW
2165,20040106,A073640,KRW
2166,20050729,A073710,KRW
2167,20040518,A073780,KRW
2168,20080326,A073930,KRW
2169,20040106,A074000,KRW
2170,20050727,A074130,KRW
2171,20060801,A074140,KRW
2172,20050708,A074150,KRW
2173,20040604,A074430,KRW
2174,20031212,A074600,KRW
2175,20031223,A074610,KRW
2176,20050610,A075130,KRW
2177,20051021,A075180,KRW
2178,20151130,A075580,KRW
2179,20040213,A075970,KRW
2180,20080718,A076080,KRW
2181,20050726,A076090,KRW
2182,20040116,A076170,KRW
2183,20150518,A076340,KRW
2184,20131106,A076610,KRW
2185,20040108,A076850,KRW
2186,20040602,A077280,KRW
2187,20051014,A077360,KRW
2188,20040805,A077500,KRW
2189,20041029,A077960,KRW
2190,20040510,A077970,KRW
2191,20040720,A078000,KRW
2192,20070221,A078020,KRW
2193,20090123,A078070,KRW
2194,20041022,A078130,KRW
2195,20051223,A078140,KRW
2196,20041208,A078150,KRW
2197,20050729,A078160,KRW
2198,20070706,A078340,KRW
2199,20040514,A078350,KRW
2200,20040917,A078420,KRW
2201,20050204,A078520,KRW
2202,20051027,A078590,KRW
2203,20041210,A078600,KRW
2204,20050509,A078610,KRW
2205,20101022,A078650,KRW
2206,20070727,A078670,KRW
2207,20041029,A078700,KRW
2208,20051129,A078780,KRW
2209,20060627,A078860,KRW
2210,20050712,A078890,KRW
2211,20040805,A078930,KRW
2212,20040827,A078940,KRW
2213,20051115,A079000,KRW
2214,20041224,A079160,KRW
2215,20050201,A079170,KRW
2216,20051129,A079190,KRW
2217,20050719,A079340,KRW
2218,20060201,A079370,KRW
2219,20051122,A079430,KRW
2220,20170511,A079440,KRW
2221,20151002,A079550,KRW
2222,20051227,A079560,KRW
2223,20050121,A079650,KRW
2224,20040921,A079660,KRW
2225,20050126,A079810,KRW
2226,20050715,A079870,KRW
2227,20051019,A079940,KRW
2228,20050204,A079950,KRW
2229,20050201,A079960,KRW
2230,20100601,A079970,KRW
2231,20120223,A079980,KRW
2232,20050125,A080000,KRW
2233,20050930,A080010,KRW
2234,20041022,A080030,KRW
2235,20050527,A080140,KRW
2236,20050726,A080160,KRW
2237,20041015,A080180,KRW
2238,20050201,A080220,KRW
2239,20041130,A080410,KRW
2240,20051206,A080420,KRW
2241,20050513,A080440,KRW
2242,20061103,A080470,KRW
2243,20071008,A080520,KRW
2244,20100105,A080530,KRW
2245,20050119,A080570,KRW
2246,20141224,A080580,KRW
2247,20180726,A080720,KRW
2248,20041229,A080960,KRW
2249,20041229,A080970,KRW
2250,20041229,A080980,KRW
2251,20041222,A081000,KRW
2252,20071114,A081090,KRW
2253,20090423,A081150,KRW
2254,20041227,A081190,KRW
2255,20050104,A081200,KRW
2256,20050128,A081210,KRW
2257,20080523,A081220,KRW
2258,20060721,A081500,KRW
2259,20071012,A081580,KRW
2260,20100928,A081660,KRW
2261,20050215,A081930,KRW
2262,20050316,A081940,KRW
2263,20070820,A081970,KRW
2264,20050222,A082110,KRW
2265,20050624,A082210,KRW
2266,20140411,A082220,KRW
2267,20050316,A082240,KRW
2268,20050316,A082250,KRW
2269,20050316,A082260,KRW
2270,20050624,A082270,KRW
2271,20050726,A082390,KRW
2272,20091008,A082640,KRW
2273,20051005,A082660,KRW
2274,20110104,A082740,KRW
2275,20051118,A082800,KRW
2276,20050729,A082850,KRW
2277,20091028,A082920,KRW
2278,20080425,A082930,KRW
2279,20050527,A083120,KRW
2280,20050421,A083160,KRW
2281,20051005,A083310,KRW
2282,20050829,A083350,KRW
2283,20050829,A083360,KRW
2284,20050829,A083370,KRW
2285,20050829,A083380,KRW
2286,20050829,A083390,KRW
2287,20051020,A083420,KRW
2288,20060201,A083450,KRW
2289,20080918,A083470,KRW
2290,20170227,A083500,KRW
2291,20051220,A083550,KRW
2292,20050823,A083570,KRW
2293,20050823,A083580,KRW
2294,20050823,A083590,KRW
2295,20050823,A083600,KRW
2296,20050715,A083610,KRW
2297,20050805,A083620,KRW
2298,20051227,A083640,KRW
2299,20051202,A083650,KRW
2300,20060725,A083660,KRW
2301,20060106,A083790,KRW
2302,20051011,A083930,KRW
2303,20051031,A084010,KRW
2304,20061219,A084110,KRW
2305,20050727,A084160,KRW
2306,20051216,A084180,KRW
2307,20050812,A084240,KRW
2308,20060117,A084370,KRW
2309,20140121,A084440,KRW
2310,20071120,A084450,KRW
2311,20130701,A084650,KRW
2312,20050725,A084670,KRW
2313,20050726,A084680,KRW
2314,20050817,A084690,KRW
2315,20060519,A084730,KRW
2316,20060627,A084810,KRW
2317,20191107,A084850,KRW
2318,20051219,A084870,KRW
2319,20051229,A084990,KRW
2320,20080124,A085310,KRW
2321,20060704,A085370,KRW
2322,20050906,A085450,KRW
2323,20150708,A085620,KRW
2324,20051227,A085660,KRW
2325,20060117,A085670,KRW
2326,20060125,A085680,KRW
2327,20131206,A085810,KRW
2328,20071001,A085910,KRW
2329,20130925,A085980,KRW
2330,20060523,A085990,KRW
2331,20070921,A086040,KRW
2332,20060428,A086060,KRW
2333,20180508,A086080,KRW
2334,20060607,A086200,KRW
2335,20150709,A086220,KRW
2336,20061110,A086250,KRW
2337,20051226,A086280,KRW
2338,20061205,A086390,KRW
2339,20070529,A086450,KRW
2340,20130701,A086460,KRW
2341,20070720,A086520,KRW
2342,20071102,A086670,KRW
2343,20051111,A086720,KRW
2344,20051212,A086790,KRW
2345,20180820,A086820,KRW
2346,20061227,A086830,KRW
2347,20090203,A086890,KRW
2348,20090116,A086900,KRW
2349,20060926,A086960,KRW
2350,20060707,A086980,KRW
2351,20150722,A087010,KRW
2352,20091027,A087220,KRW
2353,20170224,A087260,KRW
2354,20150612,A087600,KRW
2355,20080404,A087730,KRW
2356,20060127,A088010,KRW
2357,20061219,A088020,KRW
2358,20070103,A088130,KRW
2359,20180627,A088260,KRW
2360,20091201,A088290,KRW
2361,20100317,A088350,KRW
2362,20061020,A088390,KRW
2363,20060201,A088510,KRW
2364,20080125,A088700,KRW
2365,20060328,A088790,KRW
2366,20060327,A088800,KRW
2367,20060417,A088810,KRW
2368,20060623,A088910,KRW
2369,20060630,A088960,KRW
2370,20060315,A088980,KRW
2371,20070117,A089010,KRW
2372,20111110,A089030,KRW
2373,20061101,A089140,KRW
2374,20061213,A089150,KRW
2375,20060519,A089170,KRW
2376,20060519,A089180,KRW
2377,20060519,A089190,KRW
2378,20060519,A089200,KRW
2379,20061010,A089230,KRW
2380,20061222,A089240,KRW
2381,20060925,A089470,KRW
2382,20060822,A089480,KRW
2383,20111111,A089530,KRW
2384,20151106,A089590,KRW
2385,20130717,A089600,KRW
2386,20061027,A089790,KRW
2387,20100618,A089850,KRW
2388,20061108,A089890,KRW
2389,20180823,A089970,KRW
2390,20110721,A089980,KRW
2391,20060602,A090080,KRW
2392,20060612,A090090,KRW
2393,20070522,A090120,KRW
2394,20061020,A090150,KRW
2395,20060703,A090350,KRW
2396,20111017,A090360,KRW
2397,20061226,A090370,KRW
2398,20140801,A090410,KRW
2399,20060629,A090430,KRW
2400,20070126,A090460,KRW
2401,20070110,A090470,KRW
2402,20060615,A090540,KRW
2403,20061205,A090710,KRW
2404,20081017,A090730,KRW
2405,20070919,A090740,KRW
2406,20131227,A090850,KRW
2407,20060721,A090970,KRW
2408,20060721,A090980,KRW
2409,20060721,A090990,KRW
2410,20060721,A091000,KRW
2411,20060731,A091090,KRW
2412,20070502,A091120,KRW
2413,20141212,A091270,KRW
2414,20070730,A091340,KRW
2415,20080201,A091440,KRW
2416,20070523,A091580,KRW
2417,20120131,A091590,KRW
2418,20070704,A091690,KRW
2419,20061213,A091700,KRW
2420,20180801,A091810,KRW
2421,20070130,A091970,KRW
2422,20170728,A091990,KRW
2423,20130912,A092040,KRW
2424,20071116,A092070,KRW
2425,20081024,A092130,KRW
2426,20200306,A092190,KRW
2427,20071018,A092200,KRW
2428,20061016,A092220,KRW
2429,20061012,A092230,KRW
2430,20071024,A092300,KRW
2431,20071030,A092440,KRW
2432,20070522,A092460,KRW
2433,20151030,A092590,KRW
2434,20070626,A092600,KRW
2435,20061102,A092630,KRW
2436,20070130,A092730,KRW
2437,20171208,A092780,KRW
2438,20141224,A092870,KRW
2439,20061107,A092970,KRW
2440,20061201,A093050,KRW
2441,20070820,A093190,KRW
2442,20071101,A093230,KRW
2443,20090928,A093240,KRW
2444,20110208,A093320,KRW
2445,20061222,A093370,KRW
2446,20070601,A093380,KRW
2447,20070122,A093400,KRW
2448,20070122,A093410,KRW
2449,20190930,A093510,KRW
2450,20070212,A093520,KRW
2451,20071019,A093640,KRW
2452,20070122,A093730,KRW
2453,20070102,A093820,KRW
2454,20071220,A093920,KRW
2455,20150630,A094170,KRW
2456,20071029,A094190,KRW
2457,20071025,A094280,KRW
2458,20131029,A094360,KRW
2459,20070720,A094480,KRW
2460,20070201,A094520,KRW
2461,20071220,A094700,KRW
2462,20070409,A094800,KRW
2463,20071106,A094820,KRW
2464,20080711,A094840,KRW
2465,20070430,A094850,KRW
2466,20070416,A094860,KRW
2467,20070914,A094940,KRW
2468,20070508,A094950,KRW
2469,20071012,A094970,KRW
2470,20071029,A095190,KRW
2471,20070912,A095270,KRW
2472,20090417,A095300,KRW
2473,20071001,A095340,KRW
2474,20071001,A095500,KRW
2475,20150821,A095570,KRW
2476,20080520,A095610,KRW
2477,20070702,A095660,KRW
2478,20090915,A095700,KRW
2479,20070531,A095720,KRW
2480,20071016,A095910,KRW
2481,20080125,A096040,KRW
2482,20080627,A096240,KRW
2483,20070613,A096300,KRW
2484,20071217,A096350,KRW
2485,20100910,A096530,KRW
2486,20071120,A096610,KRW
2487,20071226,A096630,KRW
2488,20091218,A096640,KRW
2489,20101201,A096690,KRW
2490,20070731,A096760,KRW
2491,20070725,A096770,KRW
2492,20080502,A096870,KRW
2493,20070831,A097230,KRW
2494,20120725,A097520,KRW
2495,20080123,A097780,KRW
2496,20130307,A097800,KRW
2497,20080408,A097870,KRW
2498,20070928,A097950,KRW
2499,20080923,A098120,KRW
2500,20070905,A098150,KRW
2501,20080130,A098400,KRW
2502,20080603,A098460,KRW
2503,20090417,A098660,KRW
2504,20130130,A099190,KRW
2505,20080107,A099210,KRW
2506,20090519,A099220,KRW
2507,20080613,A099320,KRW
2508,20080201,A099340,KRW
2509,20080201,A099350,KRW
2510,20091110,A099410,KRW
2511,20090526,A099440,KRW
2512,20091222,A099520,KRW
2513,20090430,A099660,KRW
2514,20190322,A099750,KRW
2515,20110124,A099830,KRW
2516,20100525,A100030,KRW
2517,20080801,A100090,KRW
2518,20090410,A100120,KRW
2519,20090831,A100130,KRW
2520,20080630,A100220,KRW
2521,20080215,A100250,KRW
2522,20181214,A100590,KRW
2523,20111219,A100660,KRW
2524,20080930,A100700,KRW
2525,20190315,A100790,KRW
2526,20080222,A100840,KRW
2527,20091106,A101000,KRW
2528,20080324,A101060,KRW
2529,20080402,A101140,KRW
2530,20080619,A101160,KRW
2531,20090428,A101170,KRW
2532,20111108,A101240,KRW
2533,20100204,A101330,KRW
2534,20130701,A101360,KRW
2535,20080425,A101380,KRW
2536,20080723,A101390,KRW
2537,20090331,A101400,KRW
2538,20090414,A101490,KRW
2539,20160511,A101530,KRW
2540,20080715,A101670,KRW
2541,20090519,A101680,KRW
2542,20090603,A101730,KRW
2543,20080508,A101790,KRW
2544,20101022,A101930,KRW
2545,20120726,A101970,KRW
2546,20080609,A101990,KRW
2547,20080425,A102000,KRW
2548,20090605,A102120,KRW
2549,20090521,A102210,KRW
2550,20080623,A102260,KRW
2551,20080610,A102280,KRW
2552,20100610,A102460,KRW
2553,20090528,A102710,KRW
2554,20090407,A102940,KRW
2555,20100630,A103130,KRW
2556,20080730,A103140,KRW
2557,20080730,A103150,KRW
2558,20080729,A103160,KRW
2559,20090805,A103230,KRW
2560,20080801,A103590,KRW
2561,20131226,A103650,KRW
2562,20150622,A103660,KRW
2563,20191120,A103840,KRW
2564,20090123,A104040,KRW
2565,20080901,A104110,KRW
2566,20080901,A104120,KRW
2567,20091006,A104200,KRW
2568,20091222,A104460,KRW
2569,20110426,A104480,KRW
2570,20130305,A104540,KRW
2571,20190130,A104620,KRW
2572,20080929,A104700,KRW
2573,20111228,A104830,KRW
2574,20100202,A105070,KRW
2575,20090929,A105330,KRW
2576,20100909,A105380,KRW
2577,20140711,A105550,KRW
2578,20081010,A105560,KRW
2579,20090320,A105630,KRW
2580,20101112,A105740,KRW
2581,20100726,A105840,KRW
2582,20100209,A106080,KRW
2583,20100728,A106190,KRW
2584,20090316,A106240,KRW
2585,20120713,A106520,KRW
2586,20090302,A107590,KRW
2587,20131210,A107640,KRW
2588,20090310,A108070,KRW
2589,20090915,A108230,KRW
2590,20100608,A108320,KRW
2591,20110708,A108380,KRW
2592,20181026,A108490,KRW
2593,20090420,A108670,KRW
2594,20140206,A108790,KRW
2595,20091210,A108860,KRW
2596,20090306,A108890,KRW
2597,20090317,A109070,KRW
2598,20110712,A109080,KRW
2599,20151229,A109610,KRW
2600,20090923,A109740,KRW
2601,20091106,A109820,KRW
2602,20090728,A109860,KRW
2603,20091113,A109960,KRW
2604,20181214,A110020,KRW
2605,20090925,A110310,KRW
2606,20110617,A110500,KRW
2607,20111014,A110570,KRW
2608,20141208,A110660,KRW
2609,20181001,A110790,KRW
2610,20180807,A110990,KRW
2611,20170202,A111110,KRW
2612,20100106,A111610,KRW
2613,20181129,A111710,KRW
2614,20090730,A111770,KRW
2615,20100618,A111820,KRW
2616,20101105,A111870,KRW
2617,20091218,A112040,KRW
2618,20160531,A112190,KRW
2619,20111130,A112240,KRW
2620,20141127,A112610,KRW
2621,20121122,A113810,KRW
2622,20091119,A114090,KRW
2623,20100721,A114120,KRW
2624,20091001,A114130,KRW
2625,20091001,A114140,KRW
2626,20091120,A114190,KRW
2627,20091217,A114410,KRW
2628,20091222,A114450,KRW
2629,20100204,A114570,KRW
2630,20100115,A114630,KRW
2631,20130207,A114810,KRW
2632,20130701,A114920,KRW
2633,20091116,A115160,KRW
2634,20160229,A115180,KRW
2635,20100209,A115310,KRW
2636,20100128,A115390,KRW
2637,20100127,A115440,KRW
2638,20100326,A115450,KRW
2639,20111215,A115480,KRW
2640,20100414,A115500,KRW
2641,20111102,A115530,KRW
2642,20100127,A115570,KRW
2643,20100226,A115610,KRW
2644,20151102,A115960,KRW
2645,20130701,A116100,KRW
2646,20101224,A117580,KRW
2647,20100917,A117670,KRW
2648,20181129,A117730,KRW
2649,20091229,A117930,KRW
2650,20091230,A118000,KRW
2651,20170804,A118990,KRW
2652,20100503,A119250,KRW
2653,20100917,A119500,KRW
2654,20100728,A119610,KRW
2655,20100129,A119650,KRW
2656,20101026,A119830,KRW
2657,20131002,A119850,KRW
2658,20110124,A119860,KRW
2659,20100219,A120030,KRW
2660,20100201,A120110,KRW
2661,20101220,A120240,KRW
2662,20161223,A120780,KRW
2663,20141024,A121060,KRW
2664,20110520,A121440,KRW
2665,20100129,A121550,KRW
2666,20110209,A121600,KRW
2667,20111201,A121800,KRW
2668,20120927,A121850,KRW
2669,20100716,A121890,KRW
2670,20100303,A121910,KRW
2671,20100312,A121950,KRW
2672,20181116,A122050,KRW
2673,20100325,A122290,KRW
2674,20180528,A122310,KRW
2675,20100319,A122350,KRW
2676,20110525,A122450,KRW
2677,20141229,A122640,KRW
2678,20100525,A122690,KRW
2679,20100511,A122750,KRW
2680,20101126,A122800,KRW
2681,20201023,A122830,KRW
2682,20111123,A122870,KRW
2683,20100730,A122900,KRW
2684,20100910,A122990,KRW
2685,20141031,A123010,KRW
2686,20100806,A123040,KRW
2687,20111101,A123100,KRW
2688,20100611,A123160,KRW
2689,20111205,A123260,KRW
2690,20100824,A123290,KRW
2691,20101029,A123300,KRW
2692,20110803,A123330,KRW
2693,20100827,A123410,KRW
2694,20101110,A123420,KRW
2695,20100824,A123550,KRW
2696,20111125,A123570,KRW
2697,20100601,A123690,KRW
2698,20100531,A123700,KRW
2699,20100702,A123750,KRW
2700,20101005,A123840,KRW
2701,20101105,A123860,KRW
2702,20160713,A123890,KRW
2703,20100824,A123910,KRW
2704,20100709,A124050,KRW
2705,20130701,A124500,KRW
2706,20191210,A124560,KRW
2707,20190329,A125210,KRW
2708,20130701,A126340,KRW
2709,20101223,A126560,KRW
2710,20101112,A126600,KRW
2711,20100831,A126640,KRW
2712,20101222,A126680,KRW
2713,20100910,A126700,KRW
2714,20120215,A126870,KRW
2715,20110131,A126880,KRW
2716,20111226,A127120,KRW
2717,20131220,A127160,KRW
2718,20150731,A127710,KRW
2719,20181205,A128540,KRW
2720,20101213,A128660,KRW
2721,20100730,A128820,KRW
2722,20101208,A128910,KRW
2723,20100730,A128940,KRW
2724,20111216,A129260,KRW
2725,20201202,A129890,KRW
2726,20130802,A130500,KRW
2727,20111222,A130580,KRW
2728,20101216,A130660,KRW
2729,20110208,A130740,KRW
2730,20101015,A130960,KRW
2731,20101203,A131030,KRW
2732,20111221,A131090,KRW
2733,20110614,A131100,KRW
2734,20110131,A131180,KRW
2735,20111011,A131220,KRW
2736,20110105,A131290,KRW
2737,20110105,A131370,KRW
2738,20110927,A131390,KRW
2739,20101227,A131400,KRW
2740,20150817,A131760,KRW
2741,20131022,A131970,KRW
2742,20151218,A133750,KRW
2743,20140722,A133820,KRW
2744,20101110,A134000,KRW
2745,20110427,A134060,KRW
2746,20110215,A134380,KRW
2747,20131126,A134580,KRW
2748,20110810,A134780,KRW
2749,20110125,A134790,KRW
2750,20151228,A135160,KRW
2751,20141217,A135270,KRW
2752,20110502,A136480,KRW
2753,20110216,A136490,KRW
2754,20111118,A136510,KRW
2755,20110502,A136540,KRW
2756,20140701,A136660,KRW
2757,20120706,A137400,KRW
2758,20110614,A137940,KRW
2759,20110808,A137950,KRW
2760,20110513,A138040,KRW
2761,20111128,A138070,KRW
2762,20140227,A138080,KRW
2763,20150327,A138250,KRW
2764,20151130,A138290,KRW
2765,20131108,A138360,KRW
2766,20110310,A138440,KRW
2767,20110615,A138490,KRW
2768,20171130,A138580,KRW
2769,20110713,A138610,KRW
2770,20110602,A138690,KRW
2771,20110330,A138930,KRW
2772,20110729,A139050,KRW
2773,20110607,A139130,KRW
2774,20130701,A139170,KRW
2775,20110415,A139200,KRW
2776,20110610,A139480,KRW
2777,20111202,A139670,KRW
2778,20170125,A140070,KRW
2779,20131220,A140290,KRW
2780,20120120,A140410,KRW
2781,20141205,A140520,KRW
2782,20180910,A140610,KRW
2783,20131226,A140660,KRW
2784,20170811,A140670,KRW
2785,20151217,A140860,KRW
2786,20110930,A140890,KRW
2787,20110714,A140910,KRW
2788,20120504,A141000,KRW
2789,20130129,A141020,KRW
2790,20121116,A141070,KRW
2791,20130510,A141080,KRW
2792,20160202,A142210,KRW
2793,20141217,A142280,KRW
2794,20141126,A142760,KRW
2795,20110926,A143160,KRW
2796,20161202,A143210,KRW
2797,20120221,A143240,KRW
2798,20141029,A143540,KRW
2799,20160623,A144510,KRW
2800,20120405,A144620,KRW
2801,20140425,A144630,KRW
2802,20130701,A144740,KRW
2803,20161130,A144960,KRW
2804,20151224,A145020,KRW
2805,20150319,A145210,KRW
2806,20120131,A145270,KRW
2807,20170315,A145720,KRW
2808,20111205,A145990,KRW
2809,20161212,A147760,KRW
2810,20120213,A147830,KRW
2811,20170116,A148140,KRW
2812,20190730,A148150,KRW
2813,20131224,A148250,KRW
2814,20161116,A148780,KRW
2815,20141114,A149010,KRW
2816,20120612,A149130,KRW
2817,20190903,A149300,KRW
2818,20120925,A149940,KRW
2819,20121106,A149950,KRW
2820,20130701,A149980,KRW
2821,20141205,A150440,KRW
2822,20131219,A150840,KRW
2823,20131018,A150900,KRW
2824,20130701,A151750,KRW
2825,20130724,A151860,KRW
2826,20120802,A151910,KRW
2827,20151229,A152330,KRW
2828,20120308,A152550,KRW
2829,20120504,A153360,KRW
2830,20120719,A153460,KRW
2831,20130205,A153490,KRW
2832,20181026,A153710,KRW
2833,20140708,A154030,KRW
2834,20131227,A154040,KRW
2835,20121115,A155650,KRW
2836,20130515,A155660,KRW
2837,20120629,A155900,KRW
2838,20130213,A155960,KRW
2839,20130701,A156100,KRW
2840,20130701,A156170,KRW
2841,20130701,A158300,KRW
2842,20130403,A158310,KRW
2843,20130430,A158380,KRW
2844,20191017,A158430,KRW
2845,20130219,A159580,KRW
2846,20120917,A159650,KRW
2847,20121227,A159910,KRW
2848,20130701,A160350,KRW
2849,20141223,A160550,KRW
2850,20150626,A160600,KRW
2851,20150617,A160980,KRW
2852,20120917,A161000,KRW
2853,20121004,A161390,KRW
2854,20131113,A161570,KRW
2855,20170601,A161580,KRW
2856,20121019,A161890,KRW
2857,20170725,A162120,KRW
2858,20180516,A163430,KRW
2859,20121019,A163560,KRW
2860,20200806,A164060,KRW
2861,20131210,A165270,KRW
2862,20170428,A166090,KRW
2863,20150626,A166480,KRW
2864,20161128,A167380,KRW
2865,20131031,A168330,KRW
2866,20130419,A168490,KRW
2867,20200701,A169330,KRW
2868,20131204,A170030,KRW
2869,20130801,A170790,KRW
2870,20130408,A170900,KRW
2871,20131008,A170920,KRW
2872,20131118,A171010,KRW
2873,20170920,A171090,KRW
2874,20131119,A171120,KRW
2875,20130712,A172580,KRW
2876,20161220,A173130,KRW
2877,20141204,A173940,KRW
2878,20160715,A174880,KRW
2879,20170918,A174900,KRW
2880,20150923,A175140,KRW
2881,20180712,A175250,KRW
2882,20130718,A175330,KRW
2883,20161128,A176440,KRW
2884,20170814,A176560,KRW
2885,20141229,A176750,KRW
2886,20130701,A177350,KRW
2887,20140804,A177830,KRW
2888,20170327,A178320,KRW
2889,20131220,A178600,KRW
2890,20150630,A178780,KRW
2891,20141208,A178920,KRW
2892,20130701,A179280,KRW
2893,20181129,A179290,KRW
2894,20140228,A179440,KRW
2895,20191224,A179530,KRW
2896,20130701,A179720,KRW
2897,20170927,A179900,KRW
2898,20171027,A180060,KRW
2899,20141215,A180400,KRW
2900,20130916,A180640,KRW
2901,20170726,A181340,KRW
2902,20130829,A181710,KRW
2903,20130814,A181980,KRW
2904,20131121,A182360,KRW
2905,20151023,A182400,KRW
2906,20131011,A182690,KRW
2907,20131106,A183190,KRW
2908,20170323,A183300,KRW
2909,20131011,A183350,KRW
2910,20131112,A183410,KRW
2911,20130925,A183490,KRW
2912,20131220,A184230,KRW
2913,20131029,A185190,KRW
2914,20131112,A185280,KRW
2915,20131128,A185490,KRW
2916,20131206,A185750,KRW
2917,20131220,A186230,KRW
2918,20141217,A187220,KRW
2919,20140808,A187270,KRW
2920,20150529,A187420,KRW
2921,20131212,A187770,KRW
2922,20140508,A187790,KRW
2923,20171220,A187870,KRW
2924,20161018,A189300,KRW
2925,20131224,A189330,KRW
2926,20131224,A189350,KRW
2927,20131224,A189540,KRW
2928,20150211,A189690,KRW
2929,20140610,A189700,KRW
2930,20141224,A189860,KRW
2931,20150807,A189980,KRW
2932,20151112,A190510,KRW
2933,20191120,A190650,KRW
2934,20151224,A191410,KRW
2935,20141106,A191420,KRW
2936,20160805,A191600,KRW
2937,20151104,A192080,KRW
2938,20140228,A192240,KRW
2939,20140428,A192250,KRW
2940,20140725,A192390,KRW
2941,20140806,A192400,KRW
2942,20140814,A192410,KRW
2943,20141105,A192440,KRW
2944,20140522,A192520,KRW
2945,20140522,A192530,KRW
2946,20190314,A192650,KRW
2947,20140407,A192820,KRW
2948,20141229,A193250,KRW
2949,20160204,A194370,KRW
2950,20141006,A194480,KRW
2951,20141121,A194510,KRW
2952,20140610,A194610,KRW
2953,20181114,A194700,KRW
2954,20140425,A194860,KRW
2955,20161221,A195440,KRW
2956,20190820,A195500,KRW
2957,20160624,A195870,KRW
2958,20150413,A195990,KRW
2959,20141212,A196170,KRW
2960,20161207,A196300,KRW
2961,20140602,A196450,KRW
2962,20141119,A196490,KRW
2963,20150824,A196700,KRW
2964,20140530,A197140,KRW
2965,20140926,A197210,KRW
2966,20200316,A198080,KRW
2967,20140813,A198440,KRW
2968,20140812,A198940,KRW
2969,20140625,A199150,KRW
2970,20161208,A199290,KRW
2971,20140625,A199800,KRW
2972,20201126,A199820,KRW
2973,20151224,A199870,KRW
2974,20140723,A200130,KRW
2975,20141124,A200230,KRW
2976,20141224,A200350,KRW
2977,20141226,A200470,KRW
2978,20151020,A200580,KRW
2979,20141226,A200670,KRW
2980,20141216,A200710,KRW
2981,20141215,A200780,KRW
2982,20140808,A200880,KRW
2983,20161010,A201490,KRW
2984,20140811,A202960,KRW
2985,20140721,A203400,KRW
2986,20140723,A203450,KRW
2987,20141013,A203650,KRW
2988,20140930,A203690,KRW
2989,20180723,A204020,KRW
2990,20160922,A204210,KRW
2991,20200304,A204270,KRW
2992,20141006,A204320,KRW
2993,20141022,A204440,KRW
2994,20141119,A204620,KRW
2995,20141229,A204630,KRW
2996,20141124,A204650,KRW
2997,20140918,A204690,KRW
2998,20141110,A204760,KRW
2999,20141120,A204840,KRW
3000,20150403,A204990,KRW
3001,20141107,A205100,KRW
3002,20170113,A205290,KRW
3003,20141201,A205470,KRW
3004,20141112,A205500,KRW
3005,20141210,A206400,KRW
3006,20151222,A206560,KRW
3007,20141229,A206640,KRW
3008,20170124,A206650,KRW
3009,20150205,A206660,KRW
3010,20151230,A206950,KRW
3011,20150914,A207230,KRW
3012,20181128,A207490,KRW
3013,20141217,A207720,KRW
3014,20141212,A207760,KRW
3015,20150331,A207930,KRW
3016,20161110,A207940,KRW
3017,20141217,A208140,KRW
3018,20181121,A208340,KRW
3019,20141224,A208350,KRW
3020,20141217,A208370,KRW
3021,20141229,A208640,KRW
3022,20141224,A208710,KRW
3023,20160622,A208850,KRW
3024,20160728,A208860,KRW
3025,20141224,A208870,KRW
3026,20141218,A208890,KRW
3027,20141216,A210120,KRW
3028,20150115,A210540,KRW
3029,20141218,A210610,KRW
3030,20150623,A210980,KRW
3031,20151116,A211050,KRW
3032,20160304,A211270,KRW
3033,20160726,A212310,KRW
3034,20151118,A212560,KRW
3035,20151201,A213090,KRW
3036,20150206,A213420,KRW
3037,20150126,A213500,KRW
3038,20150403,A214150,KRW
3039,20150630,A214180,KRW
3040,20191111,A214260,KRW
3041,20150325,A214270,KRW
3042,20150625,A214310,KRW
3043,20150717,A214320,KRW
3044,20151111,A214330,KRW
3045,20151117,A214370,KRW
3046,20150629,A214390,KRW
3047,20150710,A214420,KRW
3048,20150730,A214430,KRW
3049,20150724,A214450,KRW
3050,20150622,A214610,KRW
3051,20150420,A214680,KRW
3052,20151013,A214870,KRW
3053,20150403,A215000,KRW
3054,20150330,A215050,KRW
3055,20150428,A215090,KRW
3056,20150422,A215100,KRW
3057,20150504,A215200,KRW
3058,20150506,A215360,KRW
3059,20150518,A215380,KRW
3060,20150513,A215480,KRW
3061,20151228,A215570,KRW
3062,20150519,A215580,KRW
3063,20161206,A215600,KRW
3064,20150522,A215750,KRW
3065,20150508,A215790,KRW
3066,20161031,A216050,KRW
3067,20191114,A216080,KRW
3068,20150429,A216280,KRW
3069,20150629,A216400,KRW
3070,20150925,A217190,KRW
3071,20150618,A217270,KRW
3072,20150429,A217320,KRW
3073,20181122,A217330,KRW
3074,20170302,A217480,KRW
3075,20150616,A217500,KRW
3076,20150626,A217600,KRW
3077,20150610,A217620,KRW
3078,20151221,A217730,KRW
3079,20150612,A217810,KRW
3080,20151207,A217820,KRW
3081,20150528,A217880,KRW
3082,20180427,A217910,KRW
3083,20151105,A217950,KRW
3084,20150618,A218150,KRW
3085,20150630,A218410,KRW
3086,20150706,A218710,KRW
3087,20150925,A219130,KRW
3088,20160729,A219420,KRW
3089,20150722,A219550,KRW
3090,20150630,A219580,KRW
3091,20150617,A219750,KRW
3092,20150720,A219860,KRW
3093,20150717,A219960,KRW
3094,20150813,A220100,KRW
3095,20150624,A220110,KRW
3096,20150629,A220180,KRW
3097,20150910,A220250,KRW
3098,20150727,A220260,KRW
3099,20150828,A220630,KRW
3100,20150909,A221200,KRW
3101,20160127,A221610,KRW
3102,20170627,A221670,KRW
3103,20150629,A221800,KRW
3104,20151125,A221840,KRW
3105,20150821,A221950,KRW
3106,20151119,A221980,KRW
3107,20151216,A222040,KRW
3108,20150902,A222080,KRW
3109,20160311,A222110,KRW
3110,20160310,A222160,KRW
3111,20150805,A222390,KRW
3112,20150806,A222420,KRW
3113,20150708,A222520,KRW
3114,20150728,A222670,KRW
3115,20150807,A222800,KRW
3116,20150813,A222810,KRW
3117,20151223,A222980,KRW
3118,20150827,A223040,KRW
3119,20150709,A223220,KRW
3120,20200522,A223250,KRW
3121,20151224,A223310,KRW
3122,20160725,A224020,KRW
3123,20151229,A224060,KRW
3124,20150731,A224090,KRW
3125,20150825,A224110,KRW
3126,20150731,A224760,KRW
3127,20151021,A224810,KRW
3128,20170523,A224880,KRW
3129,20170602,A225190,KRW
3130,20150803,A225220,KRW
3131,20160407,A225330,KRW
3132,20151008,A225430,KRW
3133,20151019,A225440,KRW
3134,20151217,A225530,KRW
3135,20150925,A225570,KRW
3136,20151005,A225590,KRW
3137,20150904,A225650,KRW
3138,20151208,A225850,KRW
3139,20170425,A225860,KRW
3140,20151228,A226320,KRW
3141,20191217,A226330,KRW
3142,20151105,A226340,KRW
3143,20160203,A226350,KRW
3144,20151022,A226360,KRW
3145,20160504,A226400,KRW
3146,20151006,A226440,KRW
3147,20151218,A226610,KRW
3148,20151029,A226850,KRW
3149,20180718,A226950,KRW
3150,20181115,A227100,KRW
3151,20161228,A227420,KRW
3152,20170712,A227610,KRW
3153,20151023,A227840,KRW
3154,20151118,A227950,KRW
3155,20151022,A228180,KRW
3156,20160406,A228340,KRW
3157,20190808,A228670,KRW
3158,20160719,A228760,KRW
3159,20160411,A228850,KRW
3160,20151027,A229000,KRW
3161,20160610,A229480,KRW
3162,20151028,A229500,KRW
3163,20160922,A229640,KRW
3164,20151216,A230240,KRW
3165,20160808,A230360,KRW
3166,20151117,A230400,KRW
3167,20151218,A230490,KRW
3168,20160302,A230980,KRW
3169,20151224,A232140,KRW
3170,20160229,A232270,KRW
3171,20160330,A232290,KRW
3172,20161116,A232330,KRW
3173,20151222,A232360,KRW
3174,20151230,A232530,KRW
3175,20151215,A232680,KRW
3176,20161129,A232830,KRW
3177,20151224,A233190,KRW
3178,20170626,A233250,KRW
3179,20151229,A233990,KRW
3180,20151221,A234070,KRW
3181,20161027,A234080,KRW
3182,20151229,A234100,KRW
3183,20171205,A234300,KRW
3184,20190712,A234340,KRW
3185,20191014,A234690,KRW
3186,20160906,A234920,KRW
3187,20160304,A235010,KRW
3188,20160316,A235090,KRW
3189,20191219,A235980,KRW
3190,20171214,A236030,KRW
3191,20160205,A236200,KRW
3192,20160126,A236340,KRW
3193,20160623,A237690,KRW
3194,20160224,A237720,KRW
3195,20160704,A237750,KRW
3196,20200312,A237820,KRW
3197,20161109,A237880,KRW
3198,20161012,A238090,KRW
3199,20161103,A238120,KRW
3200,20191226,A238170,KRW
3201,20181226,A238200,KRW
3202,20170720,A238490,KRW
3203,20160420,A238500,KRW
3204,20160609,A239340,KRW
3205,20161028,A239610,KRW
3206,20160816,A239890,KRW
3207,20160421,A240340,KRW
3208,20160622,A240540,KRW
3209,20160502,A240810,KRW
3210,20160426,A241510,KRW
3211,20161219,A241520,KRW
3212,20161118,A241560,KRW
3213,20161004,A241590,KRW
3214,20160920,A241690,KRW
3215,20161028,A241710,KRW
3216,20171206,A241770,KRW
3217,20161201,A241790,KRW
3218,20170223,A241820,KRW
3219,20190719,A241840,KRW
3220,20160907,A242040,KRW
3221,20161222,A242350,KRW
3222,20160516,A242420,KRW
3223,20160520,A242850,KRW
3224,20160603,A243070,KRW
3225,20170927,A243840,KRW
3226,20161031,A243870,KRW
3227,20190920,A244460,KRW
3228,20160601,A244880,KRW
3229,20201120,A244920,KRW
3230,20160603,A245030,KRW
3231,20160624,A245450,KRW
3232,20180626,A245620,KRW
3233,20160629,A246250,KRW
3234,20161215,A246690,KRW
3235,20181128,A246710,KRW
3236,20170320,A246720,KRW
3237,20160713,A246830,KRW
3238,20190201,A246960,KRW
3239,20160708,A247300,KRW
3240,20190305,A247540,KRW
3241,20160809,A248170,KRW
3242,20160831,A249420,KRW
3243,20170608,A250000,KRW
3244,20191129,A250030,KRW
3245,20160908,A250060,KRW
3246,20160810,A250300,KRW
3247,20160929,A250930,KRW
3248,20170512,A251270,KRW
3249,20161025,A251280,KRW
3250,20170427,A251370,KRW
3251,20170502,A251540,KRW
3252,20170713,A251630,KRW
3253,20160908,A251960,KRW
3254,20190704,A251970,KRW
3255,20160929,A252370,KRW
3256,20161102,A252500,KRW
3257,20160930,A252940,KRW
3258,20171124,A253450,KRW
3259,20180404,A253590,KRW
3260,20201224,A253610,KRW
3261,20161111,A253840,KRW
3262,20161202,A254120,KRW
3263,20180126,A255220,KRW
3264,20170929,A255440,KRW
3265,20161220,A256090,KRW
3266,20190905,A256150,KRW
3267,20170502,A256630,KRW
3268,20161228,A256840,KRW
3269,20161221,A256940,KRW
3270,20180913,A257370,KRW
3271,20170223,A257730,KRW
3272,20180713,A258050,KRW
3273,20161213,A258250,KRW
3274,20161129,A258540,KRW
3275,20170822,A258610,KRW
3276,20170427,A258790,KRW
3277,20180529,A258830,KRW
3278,20170920,A259630,KRW
3279,20161223,A260490,KRW
3280,20180212,A260660,KRW
3281,20170830,A260870,KRW
3282,20171207,A260930,KRW
3283,20161229,A260970,KRW
3284,20170626,A261200,KRW
3285,20200716,A262260,KRW
3286,20180809,A262760,KRW
3287,20170303,A262830,KRW
3288,20181120,A263020,KRW
3289,20181224,A263050,KRW
3290,20170915,A263540,KRW
3291,20170828,A263600,KRW
3292,20181122,A263690,KRW
3293,20180328,A263700,KRW
3294,20170801,A263720,KRW
3295,20170914,A263750,KRW
3296,20170406,A263770,KRW
3297,20170803,A263800,KRW
3298,20171016,A263810,KRW
3299,20170802,A263860,KRW
3300,20170928,A263920,KRW
3301,20170502,A264290,KRW
3302,20170331,A264450,KRW
3303,20180125,A264660,KRW
3304,20170601,A264850,KRW
3305,20170411,A264900,KRW
3306,20170526,A265480,KRW
3307,20170407,A265520,KRW
3308,20171026,A265560,KRW
3309,20201202,A265740,KRW
3310,20170608,A265920,KRW
3311,20170609,A266170,KRW
3312,20200722,A266470,KRW
3313,20170424,A266870,KRW
3314,20170824,A267060,KRW
3315,20170510,A267250,KRW
3316,20170510,A267260,KRW
3317,20170510,A267270,KRW
3318,20170512,A267290,KRW
3319,20170622,A267320,KRW
3320,20180201,A267790,KRW
3321,20170428,A267810,KRW
3322,20181123,A267850,KRW
3323,20170605,A267980,KRW
3324,20170522,A268280,KRW
3325,20181109,A268600,KRW
3326,20171226,A269620,KRW
3327,20170908,A270020,KRW
3328,20170615,A270210,KRW
3329,20170822,A270520,KRW
3330,20170724,A270660,KRW
3331,20181213,A270870,KRW
3332,20170707,A271400,KRW
3333,20170707,A271560,KRW
3334,20170724,A271740,KRW
3335,20181130,A271780,KRW
3336,20170619,A271850,KRW
3337,20170717,A271980,KRW
3338,20191025,A272110,KRW
3339,20191113,A272210,KRW
3340,20170710,A272290,KRW
3341,20170628,A272420,KRW
3342,20171208,A272450,KRW
3343,20171129,A272550,KRW
3344,20170807,A273060,KRW
3345,20200303,A274090,KRW
3346,20180806,A275630,KRW
3347,20180705,A276240,KRW
3348,20171110,A276920,KRW
3349,20180314,A277070,KRW
3350,20170929,A277410,KRW
3351,20171020,A277480,KRW
3352,20171030,A277880,KRW
3353,20190211,A278280,KRW
3354,20190603,A278380,KRW
3355,20191127,A278650,KRW
3356,20171031,A278990,KRW
3357,20190412,A279060,KRW
3358,20171127,A279410,KRW
3359,20171110,A279600,KRW
3360,20171030,A280360,KRW
3361,20171215,A281310,KRW
3362,20171221,A281410,KRW
3363,20171212,A281740,KRW
3364,20171205,A281820,KRW
3365,20171208,A282330,KRW
3366,20171129,A282690,KRW
3367,20190805,A282880,KRW
3368,20171212,A284420,KRW
3369,20171222,A284610,KRW
3370,20180608,A284620,KRW
3371,20180111,A284740,KRW
3372,20180105,A285130,KRW
3373,20181102,A285490,KRW
3374,20171221,A285770,KRW
3375,20201211,A286000,KRW
3376,20190819,A286750,KRW
3377,20180727,A286940,KRW
3378,20180508,A287410,KRW
3379,20191220,A288330,KRW
3380,20181123,A288490,KRW
3381,20181015,A288620,KRW
3382,20190711,A289010,KRW
3383,20180706,A289080,KRW
3384,20181207,A290120,KRW
3385,20180802,A290270,KRW
3386,20180810,A290380,KRW
3387,20191129,A290510,KRW
3388,20200706,A290520,KRW
3389,20181221,A290550,KRW
3390,20181101,A290650,KRW
3391,20181128,A290660,KRW
3392,20181106,A290670,KRW
3393,20201106,A290690,KRW
3394,20181004,A290720,KRW
3395,20180828,A290740,KRW
3396,20180511,A291210,KRW
3397,20180913,A291230,KRW
3398,20200916,A291650,KRW
3399,20181002,A293480,KRW
3400,20200910,A293490,KRW
3401,20181004,A293580,KRW
3402,20190612,A293780,KRW
3403,20180808,A293940,KRW
3404,20200914,A294090,KRW
3405,20200228,A294140,KRW
3406,20200220,A294630,KRW
3407,20180612,A294870,KRW
3408,20191121,A297090,KRW
3409,20180720,A297570,KRW
3410,20200622,A297890,KRW
3411,20180713,A298000,KRW
3412,20180713,A298020,KRW
3413,20180713,A298040,KRW
3414,20180713,A298050,KRW
3415,20200617,A298060,KRW
3416,20181219,A298380,KRW
3417,20200727,A298540,KRW
3418,20181227,A298690,KRW
3419,20201125,A299030,KRW
3420,20180921,A299170,KRW
3421,20180629,A299480,KRW
3422,20190220,A299660,KRW
3423,20180625,A299670,KRW
3424,20181220,A299900,KRW
3425,20181203,A299910,KRW
3426,20190717,A300080,KRW
3427,20191018,A300120,KRW
3428,20180806,A300720,KRW
3429,20201028,A301300,KRW
3430,20181212,A302430,KRW
3431,20180814,A302550,KRW
3432,20180813,A302920,KRW
3433,20180830,A303030,KRW
3434,20181219,A303360,KRW
3435,20200723,A304100,KRW
3436,20201019,A304840,KRW
3437,20190605,A305090,KRW
3438,20191118,A306040,KRW
3439,20181005,A306200,KRW
3440,20181031,A306620,KRW
3441,20181207,A307070,KRW
3442,20181130,A307160,KRW
3443,20181221,A307180,KRW
3444,20181205,A307280,KRW
3445,20181219,A307750,KRW
3446,20181212,A307870,KRW
3447,20190523,A307930,KRW
3448,20190328,A307950,KRW
3449,20190610,A308100,KRW
3450,20191125,A308170,KRW
3451,20181221,A308700,KRW
3452,20190627,A309900,KRW
3453,20181220,A309930,KRW
3454,20181221,A310200,KRW
3455,20181224,A310840,KRW
3456,20181220,A310870,KRW
3457,20181228,A311060,KRW
3458,20181226,A311270,KRW
3459,20190822,A311390,KRW
3460,20191226,A311690,KRW
3461,20181227,A311840,KRW
3462,20190701,A312610,KRW
3463,20190321,A313750,KRW
3464,20190725,A313760,KRW
3465,20181226,A314130,KRW
3466,20190213,A316140,KRW
3467,20190327,A317030,KRW
3468,20190918,A317120,KRW
3469,20190429,A317240,KRW
3470,20190503,A317320,KRW
3471,20190802,A317330,KRW
3472,20191106,A317400,KRW
3473,20191029,A317530,KRW
3474,20201209,A317690,KRW
3475,20190801,A317770,KRW
3476,20190814,A317830,KRW
3477,20190724,A317850,KRW
3478,20191206,A317860,KRW
3479,20191024,A317870,KRW
3480,20190801,A318000,KRW
3481,20191022,A318010,KRW
3482,20201203,A318020,KRW
3483,20200921,A318410,KRW
3484,20190508,A319400,KRW
3485,20190510,A319660,KRW
3486,20190918,A320000,KRW
3487,20190531,A321260,KRW
3488,20191122,A321550,KRW
3489,20191119,A322000,KRW
3490,20191031,A322180,KRW
3491,20191211,A322510,KRW
3492,20190531,A322780,KRW
3493,20200624,A322970,KRW
3494,20190715,A323210,KRW
3495,20190619,A323230,KRW
3496,20190624,A323280,KRW
3497,20190521,A323350,KRW
3498,20190624,A323940,KRW
3499,20200922,A323990,KRW
3500,20200702,A326030,KRW
3501,20191224,A327260,KRW
3502,20190710,A327610,KRW
3503,20190805,A327970,KRW
3504,20190820,A328380,KRW
3505,20200507,A329020,KRW
3506,20190712,A329050,KRW
3507,20190830,A329560,KRW
3508,20200703,A330350,KRW
3509,20191030,A330590,KRW
3510,20201117,A330860,KRW
3511,20190930,A330990,KRW
3512,20191002,A331380,KRW
3513,20191029,A331520,KRW
3514,20191028,A331660,KRW
3515,20200821,A331920,KRW
3516,20191011,A332290,KRW
3517,20200824,A332370,KRW
3518,20200731,A332570,KRW
3519,20191101,A332710,KRW
3520,20191031,A333050,KRW
3521,20191106,A333430,KRW
3522,20200716,A334890,KRW
3523,20201222,A335810,KRW
3524,20191209,A335870,KRW
3525,20191203,A335890,KRW
3526,20191202,A336040,KRW
3527,20191128,A336060,KRW
3528,20191018,A336260,KRW
3529,20191018,A336370,KRW
3530,20191219,A336570,KRW
3531,20191204,A337450,KRW
3532,20191128,A337840,KRW
3533,20200813,A337930,KRW
3534,20191205,A338100,KRW
3535,20201112,A339770,KRW
3536,20191224,A339950,KRW
3537,20191223,A340120,KRW
3538,20200311,A340350,KRW
3539,20191219,A340360,KRW
3540,20191227,A340440,KRW
3541,20201120,A340570,KRW
3542,20200130,A341160,KRW
3543,20191227,A341310,KRW
3544,20200130,A342550,KRW
3545,20200424,A343090,KRW
3546,20200723,A343510,KRW
3547,20200212,A344050,KRW
3548,20200121,A344820,KRW
3549,20200427,A344860,KRW
3550,20201029,A347000,KRW
3551,20200324,A347140,KRW
3552,20200909,A347740,KRW
3553,20200918,A347770,KRW
3554,20201221,A347860,KRW
3555,20200729,A347890,KRW
3556,20201118,A348150,KRW
3557,20201008,A348210,KRW
3558,20201030,A348350,KRW
3559,20200818,A348840,KRW
3560,20200807,A348950,KRW
3561,20200520,A349720,KRW
3562,20200805,A350520,KRW
3563,20200622,A351320,KRW
3564,20200715,A351340,KRW
3565,20201204,A352770,KRW
3566,20201015,A352820,KRW
3567,20201211,A352940,KRW
3568,20201216,A353060,KRW
3569,20200729,A353070,KRW
3570,20200617,A353190,KRW
3571,20200521,A353200,KRW
3572,20200828,A353490,KRW
3573,20200605,A353810,KRW
3574,20201210,A354200,KRW
3575,20200625,A354230,KRW
3576,20200918,A355150,KRW
3577,20201214,A356860,KRW
3578,20200831,A357120,KRW
3579,20200805,A357250,KRW
3580,20201223,A357550,KRW
3581,20200806,A357780,KRW
3582,20200923,A359090,KRW
3583,20200922,A363280,KRW
3584,20201223,A365550,KRW
3585,20201221,A365590,KRW
3586,20201209,A367340,KRW
3587,20201223,A369370,KRW
3588,20070817,A900010,USD
3589,20080129,A900020,USD
3590,20081204,A900030,HKD
3591,20090529,A900040,USD
3592,20090522,A900050,HKD
3593,20090327,A900060,HKD
3594,20091223,A900070,USD
3595,20091204,A900080,HKD
3596,20150626,A900080,CNY
3597,20100205,A900090,HKD
3598,20150616,A900090,CNY
3599,20100421,A900100,USC
3600,20100423,A900110,HKD
3601,20150723,A900110,CNY
3602,20100331,A900120,USD
3603,20100723,A900130,HKD
3604,20150611,A900130,CNY
3605,20101130,A900140,USD
3606,20100915,A900150,HKD
3607,20110613,A900180,HKD
3608,20150611,A900180,CNY
3609,20160128,A900250,USD
3610,20160630,A900260,CNY
3611,20160818,A900270,CNY
3612,20161019,A900280,USD
3613,20161025,A900290,HKD
3614,20170504,A900290,CNY
3615,20161104,A900300,HKD
3616,20170504,A900300,CNY
3617,20170810,A900310,CNY
3618,20181130,A900340,HKD
3619,20071126,A950010,KRW
3620,20090424,A950030,JPY
3621,20110125,A950070,CNY
3622,20120430,A950100,JPY
3623,20121217,A950110,JPY
3624,20130530,A950130,USD
3625,20161014,A950140,USD
3626,20171106,A950160,USD
3627,20180406,A950170,JPY
3628,20190507,A950180,JPY
3629,20200818,A950190,HKD
3630,20200713,A950200,USD
